N_OVO,P_OVO,AL_ALB,PH_ALB,P_GE,C_GE,YH,YD,YI,HU,F_Q,P_CA,MEDIA_E_CA,OV,L,B,W,L2,L4,D4,TEMPO,CL_PESO_Extra,CL_PESO_Grande,CL_PESO_MÃ©dio,CL_PESO_Pequeno,RK_A ,RK_AA,RK_B ,RK_C 
imagens/train/ovo1.png,59.9,6.9,8.1,14.401,6.0,13.4,39.7,0.338,83.1,4.76,5.555,0.37,1.0,57.13,43.74,0.0,28.57,14.28,37.19,0,0,1,0,0,0,1,0,0
imagens/train/ovo2.png,67.2,9.0,8.4,17.197,6.0,18.5,46.0,0.402,93.1,3.54,4.856,0.32,1.0,59.52,45.39,0.67,29.76,14.88,40.78,0,1,0,0,0,0,1,0,0
imagens/train/ovo3.png,67.8,8.3,8.1,16.137,5.0,17.6,39.7,0.443,89.3,3.78,6.37,0.39,3.0,59.53,45.73,0.68,29.77,14.88,38.36,0,1,0,0,0,0,1,0,0
imagens/train/ovo4.png,59.0,8.5,8.0,16.182,5.0,16.5,43.0,0.384,92.5,3.61,5.61,0.37,1.0,61.19,41.48,3.06,30.6,15.3,36.14,0,0,1,0,0,0,1,0,0
imagens/train/ovo5.png,65.5,6.8,8.8,15.553,6.0,16.8,41.0,0.41,80.7,4.62,6.227,0.37,1.0,58.44,44.76,0.99,29.22,14.61,39.17,0,1,0,0,0,0,1,0,0
imagens/train/ovo6.png,72.9,8.9,8.4,18.767,5.0,18.0,41.7,0.432,91.3,2.57,5.57,0.33,2.0,61.24,46.3,1.9,30.62,15.31,41.08,0,1,0,0,0,0,1,0,0
imagens/train/ovo7.png,54.2,7.0,9.0,15.092,6.0,16.3,41.0,0.398,85.4,3.73,5.187,0.37,1.0,55.14,42.27,-0.64,27.57,13.79,36.25,0,0,0,1,0,0,1,0,0
imagens/train/ovo8.png,59.4,8.5,8.7,17.096,6.0,17.5,43.3,0.404,92.4,3.35,5.541,0.38,1.0,54.43,44.16,1.92,27.22,13.61,37.1,0,0,1,0,0,0,1,0,0
imagens/train/ovo9.png,68.9,8.6,8.7,18.491,6.0,18.5,43.7,0.423,90.6,3.81,6.304,0.39,2.0,59.42,45.54,-0.5,29.71,14.86,40.39,0,1,0,0,0,0,1,0,0
imagens/train/ovo10.png,63.6,8.0,8.5,17.253,6.0,18.1,43.7,0.414,88.6,4.15,5.863,0.38,1.0,58.33,44.63,0.88,29.17,14.58,39.04,0,0,1,0,0,0,1,0,0
imagens/train/ovo11.png,62.0,8.4,8.5,16.208,6.0,17.3,41.3,0.419,91.2,3.35,5.822,0.37,1.0,58.5,43.62,-1.23,29.25,14.63,37.68,0,0,1,0,0,0,1,0,0
imagens/train/ovo12.png,61.4,7.9,8.6,16.846,6.0,17.8,42.7,0.417,88.7,3.72,5.609,0.35,1.0,57.82,43.82,0.0,28.91,14.46,37.78,0,0,1,0,0,0,1,0,0
imagens/train/ovo13.png,65.5,6.9,9.2,16.543,6.0,16.6,41.3,0.402,81.4,2.68,5.962,0.36,1.0,60.4,44.04,0.0,30.2,15.1,38.34,0,1,0,0,0,0,1,0,0
imagens/train/ovo14.png,57.9,6.4,8.7,15.084,6.0,14.4,39.0,0.369,80.4,2.5,4.827,0.32,2.0,56.77,43.42,0.0,28.39,14.19,36.96,0,0,1,0,0,0,1,0,0
imagens/train/ovo15.png,58.8,8.9,8.7,16.794,5.0,17.9,41.7,0.429,94.6,4.58,5.432,0.35,2.0,56.89,43.23,0.39,28.45,14.22,35.85,0,0,1,0,0,0,1,0,0
imagens/train/ovo16.png,58.4,8.5,8.3,16.373,7.0,17.3,41.7,0.415,92.7,2.57,5.793,0.35,1.0,57.12,42.86,0.0,28.56,14.28,37.41,0,0,1,0,0,0,1,0,0
imagens/train/ovo17.png,54.4,6.9,9.8,16.741,5.0,16.9,44.0,0.384,84.8,3.8,5.331,0.37,2.0,55.14,41.99,-1.8,27.57,13.79,38.16,0,0,0,1,0,0,1,0,0
imagens/train/ovo18.png,64.3,7.5,9.5,16.744,5.0,17.1,42.3,0.404,85.5,3.74,5.926,0.36,2.0,60.62,43.59,1.41,30.31,15.16,37.98,0,0,1,0,0,0,1,0,0
imagens/train/ovo19.png,64.6,8.1,7.4,18.734,5.0,17.6,45.0,0.391,88.9,4.66,6.102,0.37,1.0,59.12,44.23,-1.18,29.56,14.78,39.53,0,0,1,0,0,0,1,0,0
imagens/train/ovo20.png,61.6,7.6,8.5,16.583,6.0,17.3,41.0,0.422,86.9,4.34,5.805,0.37,2.0,57.83,43.28,-0.86,28.92,14.46,37.24,0,0,1,0,0,0,1,0,0
imagens/train/ovo21.png,57.0,6.8,8.2,18.564,6.0,16.1,46.0,0.35,83.3,3.14,4.914,0.33,3.0,57.03,42.98,-1.0,28.52,14.26,36.04,0,0,1,0,0,0,1,0,0
imagens/train/ovo22.png,66.7,6.6,9.3,16.649,6.0,15.6,42.7,0.365,78.9,3.35,5.96,0.37,1.0,58.64,45.24,0.86,29.32,14.66,38.1,0,1,0,0,0,0,1,0,0
imagens/train/ovo23.png,54.6,8.0,9.0,15.365,5.0,16.6,41.7,0.398,91.0,2.59,4.48,0.33,1.0,56.05,42.34,1.62,28.03,14.01,35.66,0,0,0,1,0,0,1,0,0
imagens/train/ovo24.png,61.3,9.5,9.0,15.684,6.0,18.4,41.7,0.441,96.9,3.84,4.941,0.33,1.0,59.01,43.11,1.26,29.51,14.75,38.53,0,0,1,0,0,0,1,0,0
imagens/train/ovo25.png,67.4,7.0,9.3,19.155,6.0,17.4,46.3,0.376,81.5,4.27,6.805,0.42,1.0,58.7,45.34,-1.26,29.35,14.68,38.96,0,1,0,0,0,0,1,0,0
imagens/train/ovo26.png,65.3,6.1,9.2,18.771,6.0,15.0,41.7,0.36,75.7,4.51,6.005,0.4,1.0,58.34,44.84,0.67,29.17,14.59,39.23,0,1,0,0,0,0,1,0,0
imagens/train/ovo27.png,62.9,8.3,9.4,17.184,5.0,18.4,42.3,0.435,90.5,4.36,6.122,0.4,1.0,57.41,44.11,-1.3,28.71,14.35,37.89,0,0,1,0,0,0,1,0,0
imagens/train/ovo28.png,61.4,6.9,9.1,17.28,5.0,15.8,42.3,0.374,82.6,5.0,6.509,0.42,1.0,55.39,44.04,-1.26,27.7,13.85,37.71,0,0,1,0,0,0,1,0,0
imagens/train/ovo29.png,59.9,8.1,8.5,17.586,5.0,18.1,43.0,0.421,90.2,3.12,4.991,0.33,1.0,57.16,43.64,-1.07,28.58,14.29,37.15,0,0,1,0,0,0,1,0,0
imagens/train/ovo30.png,68.4,8.1,8.9,18.511,5.0,17.5,48.0,0.365,88.0,3.7,6.226,0.39,1.0,59.66,45.25,-1.9,29.83,14.92,39.21,0,1,0,0,0,0,1,0,0
imagens/train/ovo31.png,83.2,8.5,8.5,17.668,5.0,17.0,43.3,0.393,86.8,3.31,7.067,0.36,1.0,67.58,47.74,1.55,33.79,16.9,39.34,0,1,0,0,0,0,1,0,0
imagens/train/ovo32.png,59.6,9.5,9.6,16.364,5.0,16.5,43.3,0.381,97.2,3.64,6.117,0.4,1.0,56.04,44.18,0.0,28.02,14.01,38.73,0,0,1,0,0,0,1,0,0
imagens/train/ovo33.png,63.5,6.8,9.0,17.769,5.0,16.1,44.3,0.363,81.3,3.38,5.404,0.36,2.0,58.14,44.25,-1.27,29.07,14.54,38.56,0,0,1,0,0,0,1,0,0
imagens/train/ovo34.png,60.1,7.0,9.2,19.475,6.0,17.0,49.3,0.345,83.6,4.19,5.671,0.38,1.0,58.83,43.08,0.0,29.42,14.71,37.47,0,0,1,0,0,0,1,0,0
imagens/train/ovo35.png,56.6,7.5,9.5,16.801,5.0,16.9,43.3,0.39,87.7,2.86,5.476,0.38,1.0,55.99,42.68,0.78,28.0,14.0,36.11,0,0,1,0,0,0,1,0,0
imagens/train/ovo36.png,74.9,7.4,9.2,23.27,5.0,19.1,46.7,0.409,82.0,3.68,6.584,0.36,1.0,61.24,47.23,0.6,30.62,15.31,40.01,0,1,0,0,0,0,1,0,0
imagens/train/ovo37.png,59.1,7.6,9.3,16.467,5.0,16.8,42.0,0.4,87.6,2.83,4.983,0.32,1.0,56.05,43.08,0.85,28.03,14.01,37.09,0,0,1,0,0,0,1,0,0
imagens/train/ovo38.png,65.3,8.8,9.1,17.641,5.0,17.9,42.3,0.423,92.5,3.94,6.192,0.37,1.0,60.93,43.94,-0.74,30.47,15.23,38.73,0,1,0,0,0,0,1,0,0
imagens/train/ovo39.png,65.6,8.5,9.2,17.104,5.0,18.3,44.3,0.413,90.9,3.59,5.874,0.36,2.0,58.99,44.6,0.78,29.5,14.75,37.87,0,1,0,0,0,0,1,0,0
imagens/train/ovo40.png,68.7,6.4,9.1,17.574,6.0,17.4,40.7,0.428,76.9,3.45,6.268,0.37,1.0,62.68,44.21,1.21,31.34,15.67,38.14,0,1,0,0,0,0,1,0,0
imagens/train/ovo41.png,64.3,8.6,9.0,15.204,5.0,18.1,39.7,0.456,91.7,4.39,6.779,0.41,1.0,59.78,43.71,0.87,29.89,14.95,38.62,0,0,1,0,0,0,1,0,0
imagens/train/ovo42.png,75.4,9.3,9.1,18.191,6.0,18.9,42.7,0.443,92.9,3.34,6.949,0.38,1.0,59.73,47.3,0.0,29.87,14.93,42.19,0,1,0,0,0,0,1,0,0
imagens/train/ovo43.png,65.2,8.8,8.7,16.699,5.0,18.1,42.7,0.424,92.6,3.09,5.409,0.34,3.0,59.46,44.96,1.19,29.73,14.87,38.66,0,1,0,0,0,0,1,0,0
imagens/train/ovo44.png,69.5,6.8,9.1,18.927,6.0,17.8,45.0,0.396,79.5,5.33,6.433,0.41,1.0,59.41,46.48,0.85,29.71,14.85,40.02,0,1,0,0,0,0,1,0,0
imagens/train/ovo45.png,61.5,5.8,9.3,15.413,6.0,13.6,41.7,0.326,74.8,3.74,6.001,0.4,1.0,59.28,42.86,1.11,29.64,14.82,37.57,0,0,1,0,0,0,1,0,0
imagens/train/ovo46.png,66.9,8.0,8.6,16.209,5.0,17.3,41.7,0.415,87.8,5.06,6.179,0.38,1.0,59.31,45.5,1.49,29.66,14.83,37.67,0,1,0,0,0,0,1,0,0
imagens/train/ovo47.png,71.1,8.9,8.3,17.553,6.0,17.6,44.0,0.4,91.7,3.9,6.013,0.36,2.0,62.38,45.35,1.27,31.19,15.6,38.49,0,1,0,0,0,0,1,0,0
imagens/train/ovo48.png,62.6,8.5,9.3,14.871,5.0,17.6,40.0,0.44,91.6,4.57,6.196,0.39,2.0,57.29,44.93,1.47,28.65,14.32,38.98,0,0,1,0,0,0,1,0,0
imagens/train/ovo49.png,70.7,5.8,9.1,15.719,6.0,15.1,40.3,0.375,71.5,3.02,5.595,0.34,1.0,63.1,44.82,0.9,31.55,15.78,40.39,0,1,0,0,0,1,0,0,0
imagens/train/ovo50.png,65.6,7.6,8.5,16.032,6.0,16.9,43.3,0.39,85.8,4.19,7.312,0.45,1.0,58.3,44.54,0.0,29.15,14.58,38.54,0,1,0,0,0,0,1,0,0
imagens/train/ovo51.png,68.4,9.5,8.5,17.027,6.0,18.9,42.3,0.447,95.3,3.75,5.828,0.37,4.0,60.42,45.99,0.99,30.21,15.11,39.19,0,1,0,0,0,0,1,0,0
imagens/train/ovo52.png,61.3,9.3,8.8,15.939,5.0,18.5,40.3,0.459,95.9,3.73,6.077,0.4,1.0,56.16,44.13,1.0,28.08,14.04,39.03,0,0,1,0,0,0,1,0,0
imagens/train/ovo53.png,68.3,9.8,8.9,17.773,5.0,18.3,48.7,0.376,96.8,1.62,5.513,0.35,3.0,60.1,46.01,0.0,30.05,15.03,39.79,0,1,0,0,0,0,1,0,0
imagens/train/ovo54.png,57.2,8.5,9.2,16.136,6.0,17.1,43.3,0.395,93.0,3.93,5.492,0.38,2.0,57.77,42.37,0.0,28.89,14.44,36.07,0,0,1,0,0,0,1,0,0
imagens/train/ovo55.png,57.8,8.6,9.3,14.95,4.0,17.4,43.0,0.405,93.3,4.17,5.113,0.36,3.0,55.96,43.26,-0.52,27.98,13.99,38.14,0,0,1,0,0,0,1,0,0
imagens/train/ovo56.png,80.1,8.0,9.2,19.434,6.0,17.8,44.7,0.398,84.5,3.4,6.533,0.34,1.0,62.81,48.63,1.25,31.41,15.7,39.86,0,1,0,0,0,0,1,0,0
imagens/train/ovo57.png,64.7,8.5,9.2,16.168,6.0,16.9,42.3,0.4,91.1,3.99,6.359,0.39,1.0,58.1,44.52,0.0,29.05,14.53,38.64,0,0,1,0,0,0,1,0,0
imagens/train/ovo58.png,61.8,7.3,9.3,17.372,6.0,17.1,42.0,0.407,85.0,5.04,6.447,0.44,1.0,57.32,44.02,1.07,28.66,14.33,38.88,0,0,1,0,0,0,1,0,0
imagens/train/ovo59.png,75.0,9.5,9.0,17.494,5.0,17.6,42.3,0.416,94.0,4.35,6.397,0.36,1.0,61.58,46.84,0.0,30.79,15.4,40.8,0,1,0,0,0,0,1,0,0
imagens/train/ovo60.png,65.4,8.9,8.7,17.435,5.0,18.1,42.0,0.431,93.0,0.71,4.266,0.29,2.0,57.75,45.44,1.08,28.88,14.44,39.48,0,1,0,0,0,0,1,0,0
imagens/train/ovo61.png,58.3,7.0,9.4,15.579,5.0,17.6,39.7,0.443,84.2,2.65,4.206,0.37,1.0,56.67,42.98,0.0,28.34,14.17,37.24,0,0,1,0,0,0,1,0,0
imagens/train/ovo62.png,63.8,5.5,9.1,16.709,4.0,16.1,44.7,0.36,71.5,4.57,5.517,0.42,1.0,57.5,44.71,2.56,28.75,14.38,38.19,0,0,1,0,0,1,0,0,0
imagens/train/ovo63.png,71.1,8.0,9.3,20.192,5.0,20.1,46.0,0.437,86.7,2.78,6.112,0.39,2.0,59.48,47.51,-1.38,29.74,14.87,41.18,0,1,0,0,0,0,1,0,0
imagens/train/ovo64.png,55.8,9.9,8.0,15.676,5.0,18.3,42.0,0.436,99.9,0.58,3.604,0.29,3.0,58.73,42.75,-0.55,29.37,14.68,37.56,0,0,1,0,0,0,1,0,0
imagens/train/ovo65.png,69.8,6.8,9.7,19.463,5.0,18.3,43.0,0.426,79.4,1.13,6.511,0.39,1.0,62.3,44.63,0.46,31.15,15.58,37.48,0,1,0,0,0,0,1,0,0
imagens/train/ovo66.png,71.2,7.5,9.1,18.225,6.0,18.0,43.0,0.419,83.6,2.46,6.166,0.34,1.0,61.98,45.44,0.48,30.99,15.5,40.04,0,1,0,0,0,0,1,0,0
imagens/train/ovo67.png,64.1,7.5,9.0,17.822,5.0,17.5,44.3,0.395,85.6,3.91,6.176,0.38,1.0,57.68,44.55,-1.54,28.84,14.42,39.85,0,0,1,0,0,0,1,0,0
imagens/train/ovo68.png,71.3,7.8,9.0,18.994,6.0,18.6,43.3,0.43,85.5,5.66,7.034,0.42,1.0,60.04,46.25,0.57,30.02,15.01,41.3,0,1,0,0,0,0,1,0,0
imagens/train/ovo69.png,61.5,8.3,9.1,16.434,5.0,17.1,39.7,0.431,90.8,1.27,5.758,0.36,1.0,59.88,42.05,0.91,29.94,14.97,37.04,0,0,1,0,0,0,1,0,0
imagens/train/ovo70.png,67.2,8.5,8.5,16.733,5.0,17.3,44.0,0.393,90.5,2.07,4.362,0.3,2.0,63.04,44.58,1.96,31.52,15.76,44.22,0,1,0,0,0,0,1,0,0
imagens/train/ovo71.png,63.7,9.3,9.7,16.972,5.0,17.8,37.0,0.481,95.4,2.65,4.651,0.32,1.0,58.9,44.27,1.15,29.45,14.73,38.92,0,0,1,0,0,0,1,0,0
imagens/train/ovo72.png,57.1,6.0,9.7,17.095,5.0,16.6,43.7,0.38,77.9,2.71,4.574,0.3,1.0,56.81,42.74,-0.91,28.41,14.2,35.98,0,0,1,0,0,0,1,0,0
imagens/train/ovo73.png,67.5,8.4,9.6,17.642,6.0,17.6,42.0,0.419,89.9,3.22,6.059,0.39,3.0,59.41,44.99,1.38,29.71,14.85,40.88,0,1,0,0,0,0,1,0,0
imagens/train/ovo74.png,56.3,8.6,9.5,15.154,5.0,16.5,39.3,0.42,93.7,4.33,5.383,0.38,2.0,54.1,43.14,0.0,27.05,13.53,37.43,0,0,1,0,0,0,1,0,0
imagens/train/ovo75.png,57.8,6.9,9.6,15.005,5.0,15.6,42.0,0.371,83.7,4.64,5.782,0.4,1.0,57.67,43.07,1.7,28.84,14.42,36.46,0,0,1,0,0,0,1,0,0
imagens/train/ovo76.png,66.9,6.4,9.9,17.006,6.0,17.3,43.0,0.402,77.4,3.15,5.596,0.34,2.0,62.26,44.58,-0.77,31.13,15.57,38.73,0,1,0,0,0,0,1,0,0
imagens/train/ovo77.png,80.4,7.5,9.3,21.322,6.0,18.5,47.3,0.391,81.2,1.14,6.884,0.39,3.0,63.78,48.16,1.03,31.89,15.95,40.54,0,1,0,0,0,0,1,0,0
imagens/train/ovo78.png,80.8,9.3,8.4,17.507,5.0,19.5,42.7,0.457,91.7,1.8,6.042,0.33,4.0,65.5,47.79,-2.48,32.75,16.38,43.18,0,1,0,0,0,0,1,0,0
imagens/train/ovo79.png,71.3,8.8,9.2,19.27,5.0,18.6,45.0,0.413,91.2,4.28,6.19,0.36,2.0,58.76,47.39,0.0,29.38,14.69,41.68,0,1,0,0,0,0,1,0,0
imagens/train/ovo80.png,59.4,6.6,8.9,16.504,5.0,16.0,42.7,0.375,81.3,4.21,5.793,0.38,2.0,58.3,42.91,-0.71,29.15,14.58,37.79,0,0,1,0,0,0,1,0,0
imagens/train/ovo81.png,62.0,7.4,9.0,17.162,6.0,17.3,43.3,0.4,85.6,3.51,5.837,0.37,1.0,58.31,43.71,0.83,29.16,14.58,38.18,0,0,1,0,0,0,1,0,0
imagens/train/ovo82.png,64.6,6.8,8.8,18.534,6.0,17.5,44.0,0.398,81.0,3.47,5.268,0.34,2.0,60.16,44.16,0.0,30.08,15.04,38.3,0,0,1,0,0,0,1,0,0
imagens/train/ovo83.png,73.2,8.0,9.0,18.5,5.0,18.3,45.0,0.407,86.2,2.74,6.297,0.35,2.0,61.9,46.78,-1.26,30.95,15.48,40.0,0,1,0,0,0,0,1,0,0
imagens/train/ovo84.png,70.0,9.0,9.2,15.612,6.0,17.4,40.3,0.432,92.5,3.66,5.933,0.34,1.0,59.76,45.9,0.0,29.88,14.94,40.23,0,1,0,0,0,0,1,0,0
imagens/train/ovo85.png,66.7,8.4,9.4,16.431,5.0,17.3,44.0,0.393,90.1,4.41,6.512,0.4,2.0,59.7,44.88,-1.3,29.85,14.93,38.51,0,1,0,0,0,0,1,0,0
imagens/train/ovo86.png,64.7,6.3,9.4,18.744,6.0,18.0,42.7,0.422,77.4,4.25,6.035,0.37,1.0,58.46,44.64,-1.01,29.23,14.62,39.7,0,0,1,0,0,0,1,0,0
imagens/train/ovo87.png,62.5,7.3,9.5,16.197,5.0,17.8,41.0,0.434,84.8,4.83,6.031,0.39,1.0,57.74,44.63,-1.3,28.87,14.44,36.75,0,0,1,0,0,0,1,0,0
imagens/train/ovo88.png,59.5,7.9,9.3,16.153,6.0,17.5,41.0,0.427,89.2,2.97,5.025,0.34,1.0,56.91,43.48,0.65,28.46,14.23,37.31,0,0,1,0,0,0,1,0,0
imagens/train/ovo89.png,57.2,7.0,9.0,16.51,5.0,16.0,45.7,0.35,84.5,4.06,5.045,0.36,2.0,56.86,42.39,0.77,28.43,14.22,36.48,0,0,1,0,0,0,1,0,0
imagens/train/ovo91.png,64.0,8.5,9.4,15.989,5.0,18.1,41.7,0.434,91.3,2.96,6.184,0.39,1.0,59.16,44.2,1.07,29.58,14.79,38.09,0,0,1,0,0,0,1,0,0
imagens/train/ovo93.png,60.7,7.6,8.8,16.627,5.0,17.3,44.0,0.393,87.1,3.92,6.013,0.38,1.0,56.65,44.06,1.78,28.33,14.16,38.16,0,0,1,0,0,0,1,0,0
imagens/train/ovo94.png,62.1,7.4,8.8,15.819,5.0,17.9,41.7,0.429,85.5,5.56,5.788,0.38,1.0,60.76,42.92,0.0,30.38,15.19,35.74,0,0,1,0,0,0,1,0,0
imagens/train/ovo96.png,65.6,7.6,9.1,17.103,5.0,17.9,44.3,0.404,85.8,2.55,5.601,0.37,2.0,57.94,45.48,0.0,28.97,14.49,38.97,0,1,0,0,0,0,1,0,0
imagens/train/ovo97.png,63.7,7.4,8.8,15.813,5.0,17.1,46.0,0.372,85.1,4.11,5.5787,0.38,3.0,57.84,44.77,0.96,28.92,14.46,37.11,0,0,1,0,0,0,1,0,0
imagens/train/ovo98.png,60.8,6.8,9.1,18.446,5.0,18.3,43.0,0.426,82.1,2.71,6.33,0.4,1.0,57.49,43.4,-0.68,28.75,14.37,37.33,0,0,1,0,0,0,1,0,0
imagens/train/ovo99.png,58.5,6.8,9.9,15.278,5.0,15.5,43.3,0.358,82.9,4.55,5.85,0.39,1.0,55.85,43.05,0.0,27.93,13.96,35.99,0,0,1,0,0,0,1,0,0
imagens/train/ovo100.png,67.8,8.5,9.3,16.46,5.0,18.0,42.3,0.426,90.4,2.81,6.282,0.41,1.0,60.04,45.5,1.39,30.02,15.01,38.65,0,1,0,0,0,0,1,0,0
imagens/train/ovo101.png,60.5,6.9,9.7,17.09,5.0,17.1,43.3,0.395,82.9,3.46,5.606,0.36,1.0,56.63,43.63,0.0,28.32,14.16,39.57,0,0,1,0,0,0,1,0,0
imagens/train/ovo102.png,74.2,8.1,9.3,19.681,5.0,18.9,44.7,0.423,86.5,4.47,6.405,0.44,1.0,64.44,45.62,-1.06,32.22,16.11,41.82,0,1,0,0,0,0,1,0,0
imagens/train/ovo103.png,66.2,7.9,9.4,15.736,5.0,16.0,44.0,0.364,87.4,4.76,6.734,0.41,1.0,58.55,45.04,1.45,29.28,14.64,38.88,0,1,0,0,0,0,1,0,0
imagens/train/ovo104.png,61.2,6.3,9.6,18.76,6.0,15.8,43.0,0.367,78.6,3.14,5.495,0.35,2.0,57.19,43.56,0.68,28.6,14.3,37.3,0,0,1,0,0,0,1,0,0
imagens/train/ovo105.png,67.1,6.3,10.0,17.454,6.0,17.1,43.3,0.395,76.6,4.16,6.618,0.4,1.0,59.43,45.4,0.0,29.72,14.86,39.85,0,1,0,0,0,0,1,0,0
imagens/train/ovo106.png,65.6,7.6,9.7,17.367,5.0,17.1,43.3,0.395,85.8,2.46,6.082,0.38,4.0,55.82,46.14,0.79,27.91,13.96,38.08,0,1,0,0,0,0,1,0,0
imagens/train/ovo107.png,59.9,6.6,9.4,16.484,5.0,16.4,44.3,0.37,81.1,3.63,5.722,0.39,1.0,57.98,43.46,0.75,28.99,14.5,36.18,0,0,1,0,0,0,1,0,0
imagens/train/ovo108.png,62.8,7.8,9.4,17.269,5.0,17.1,44.7,0.383,87.7,3.49,5.808,0.37,1.0,56.11,44.69,1.02,28.06,14.03,37.49,0,0,1,0,0,0,1,0,0
imagens/train/ovo110.png,73.6,4.8,9.8,19.232,6.0,17.1,44.3,0.386,60.8,4.41,7.048,0.39,2.0,61.02,47.06,0.0,30.51,15.26,41.24,0,1,0,0,0,1,0,0,0
imagens/train/ovo111.png,61.2,6.9,9.5,16.75,6.0,16.4,47.3,0.347,82.7,4.85,6.17,0.4,1.0,59.05,43.66,1.08,29.53,14.76,36.39,0,0,1,0,0,0,1,0,0
imagens/train/ovo112.png,62.9,8.0,9.6,16.112,5.0,17.6,41.3,0.426,88.8,3.54,5.463,0.37,2.0,58.43,44.26,1.54,29.22,14.61,37.73,0,0,1,0,0,0,1,0,0
imagens/train/ovo113.png,61.3,6.1,9.9,16.188,6.0,14.8,40.0,0.37,77.1,4.24,6.034,0.39,1.0,59.42,42.57,-0.84,29.71,14.86,36.67,0,0,1,0,0,0,1,0,0
imagens/train/ovo114.png,63.9,8.1,9.5,17.208,5.0,18.9,43.3,0.436,89.1,3.0,5.388,0.37,2.0,57.5,45.02,0.0,28.75,14.38,40.12,0,0,1,0,0,0,1,0,0
imagens/train/ovo115.png,62.4,7.3,9.4,16.518,5.0,17.6,43.0,0.409,84.8,2.73,5.996,0.4,2.0,58.5,43.49,0.67,29.25,14.63,36.28,0,0,1,0,0,0,1,0,0
imagens/train/ovo116.png,60.6,5.0,9.9,17.616,5.0,17.3,42.7,0.405,68.5,5.64,6.123,0.4,1.0,56.59,43.9,-1.8,28.3,14.15,38.4,0,0,1,0,0,1,0,0,0
imagens/train/ovo117.png,61.4,7.0,9.5,15.012,5.0,16.0,38.7,0.413,83.3,3.86,5.365,0.34,1.0,58.09,43.86,-1.26,29.05,14.52,36.68,0,0,1,0,0,0,1,0,0
imagens/train/ovo118.png,63.8,6.5,9.7,17.512,6.0,16.5,43.3,0.381,79.2,4.43,6.305,0.39,1.0,59.16,44.16,-0.54,29.58,14.79,36.74,0,0,1,0,0,0,1,0,0
imagens/train/ovo119.png,57.3,9.8,9.5,15.345,6.0,17.9,38.3,0.467,99.1,2.36,4.554,0.34,2.0,61.32,40.86,0.0,30.66,15.33,36.17,0,0,1,0,0,0,1,0,0
imagens/train/ovo120.png,60.1,7.4,9.9,16.833,6.0,17.1,44.0,0.389,86.1,3.92,5.446,0.36,1.0,58.13,43.41,0.36,29.07,14.53,35.43,0,0,1,0,0,0,1,0,0
imagens/train/ovo121.png,63.8,8.1,9.4,17.211,5.0,17.4,45.0,0.387,89.1,4.31,6.095,0.39,2.0,59.5,43.73,0.87,29.75,14.88,36.14,0,0,1,0,0,0,1,0,0
imagens/train/ovo122.png,69.0,7.9,9.6,16.615,5.0,18.1,43.3,0.418,86.7,2.82,5.685,0.34,2.0,61.23,45.39,1.12,30.62,15.31,39.06,0,1,0,0,0,0,1,0,0
imagens/train/ovo123.png,69.0,8.1,9.3,17.782,5.0,17.0,44.3,0.384,87.8,2.76,5.75,0.37,3.0,59.07,46.01,0.0,29.54,14.77,41.61,0,1,0,0,0,0,1,0,0
imagens/train/ovo124.png,62.7,8.6,9.4,15.551,6.0,18.4,44.3,0.415,92.1,4.38,6.518,0.41,1.0,56.75,44.49,-1.14,28.38,14.19,37.19,0,0,1,0,0,0,1,0,0
imagens/train/ovo125.png,66.7,8.5,9.2,15.656,6.0,17.9,42.7,0.419,90.6,3.34,6.112,0.4,2.0,60.62,44.53,0.37,30.31,15.16,37.05,0,1,0,0,0,0,1,0,0
imagens/train/ovo126.png,60.7,7.6,9.4,17.784,5.0,18.4,42.3,0.435,87.1,5.61,6.023,0.39,1.0,56.42,43.8,0.69,28.21,14.11,36.57,0,0,1,0,0,0,1,0,0
imagens/train/ovo127.png,62.8,7.4,9.6,17.274,6.0,15.4,40.7,0.378,85.3,4.26,6.223,0.41,1.0,59.49,43.32,-0.92,29.75,14.87,35.89,0,0,1,0,0,0,1,0,0
imagens/train/ovo128.png,58.8,8.0,9.6,15.426,6.0,17.6,41.3,0.426,89.9,4.13,5.371,0.37,2.0,56.61,43.58,-1.01,28.31,14.15,37.53,0,0,1,0,0,0,1,0,0
imagens/train/ovo129.png,63.7,9.9,9.4,16.91,5.0,19.6,40.3,0.486,98.2,3.1,5.341,0.35,1.0,56.14,45.86,0.0,28.07,14.04,38.44,0,0,1,0,0,0,1,0,0
imagens/train/ovo130.png,65.0,9.4,9.0,16.522,5.0,18.3,41.7,0.439,95.6,1.68,4.475,0.32,2.0,60.84,44.65,1.18,30.42,15.21,38.42,0,1,0,0,0,0,1,0,0
imagens/train/ovo131.png,57.2,7.9,9.4,14.234,5.0,16.6,39.7,0.418,89.8,3.45,6.302,0.45,1.0,55.57,42.79,0.66,27.79,13.89,36.01,0,0,1,0,0,0,1,0,0
imagens/train/ovo132.png,72.9,9.1,9.5,16.848,6.0,18.6,41.0,0.454,92.4,5.61,7.291,0.44,2.0,57.78,47.45,0.0,28.89,14.45,42.28,0,1,0,0,0,0,1,0,0
imagens/train/ovo133.png,60.1,7.8,9.0,15.094,6.0,16.9,42.0,0.402,88.4,4.88,6.009,0.41,1.0,55.55,43.92,-2.05,27.78,13.89,37.75,0,0,1,0,0,0,1,0,0
imagens/train/ovo134.png,65.7,9.9,8.5,17.985,6.0,19.6,42.0,0.467,97.8,3.66,5.179,0.34,3.0,58.78,45.26,0.0,29.39,14.7,39.51,0,1,0,0,0,0,1,0,0
imagens/train/ovo135.png,72.4,7.5,9.1,19.718,6.0,17.9,44.3,0.404,83.3,3.19,6.227,0.38,2.0,61.47,46.56,-1.25,30.74,15.37,40.17,0,1,0,0,0,0,1,0,0
imagens/train/ovo136.png,60.5,8.1,9.3,17.518,6.0,17.5,44.3,0.395,90.0,3.46,5.108,0.34,2.0,54.89,44.54,-0.48,27.45,13.72,38.37,0,0,1,0,0,0,1,0,0
imagens/train/ovo137.png,63.8,6.4,9.1,17.446,5.0,15.0,40.7,0.369,78.5,3.28,6.103,0.41,2.0,59.56,43.9,0.0,29.78,14.89,38.65,0,0,1,0,0,0,1,0,0
imagens/train/ovo138.png,63.7,8.5,9.2,17.618,5.0,18.0,44.7,0.403,91.3,3.44,6.252,0.41,2.0,56.41,45.3,0.0,28.21,14.1,39.5,0,0,1,0,0,0,1,0,0
imagens/train/ovo139.png,69.1,8.4,9.3,17.165,5.0,17.5,42.7,0.41,89.5,3.47,5.714,0.33,1.0,61.0,45.68,0.7,30.5,15.25,38.04,0,1,0,0,0,0,1,0,0
imagens/train/ovo140.png,59.7,6.0,9.6,16.349,6.0,14.5,41.3,0.351,76.9,1.91,6.332,0.39,1.0,62.61,41.28,1.42,31.31,15.65,34.83,0,0,1,0,0,0,1,0,0
imagens/train/ovo141.png,64.6,6.8,9.5,17.806,6.0,17.9,38.0,0.471,81.0,4.41,6.236,0.38,1.0,57.06,45.34,-1.34,28.53,14.27,39.65,0,0,1,0,0,0,1,0,0
imagens/train/ovo142.png,61.3,6.1,9.8,15.332,6.0,14.5,38.7,0.375,77.1,5.05,6.488,0.4,1.0,57.02,43.65,0.0,28.51,14.26,36.54,0,0,1,0,0,0,1,0,0
imagens/train/ovo143.png,49.3,8.8,9.9,12.285,5.0,16.4,38.3,0.428,96.4,4.01,5.065,0.38,1.0,53.41,49.89,-0.87,26.71,13.35,35.18,0,0,0,1,0,0,1,0,0
imagens/train/ovo144.png,55.8,8.9,9.6,15.634,6.0,17.4,44.3,0.393,95.3,3.91,5.247,0.35,3.0,55.87,42.66,0.0,27.94,13.97,36.29,0,0,1,0,0,0,1,0,0
imagens/train/ovo145.png,60.9,7.9,9.6,16.365,6.0,17.1,41.7,0.41,88.8,4.73,6.026,0.42,3.0,57.32,43.68,-0.93,28.66,14.33,38.92,0,0,1,0,0,0,1,0,0
imagens/train/ovo146.png,59.7,8.1,8.7,13.861,6.0,17.8,41.7,0.427,90.2,1.76,4.589,0.31,2.0,61.12,42.38,1.21,30.56,15.28,34.35,0,0,1,0,0,0,1,0,0
imagens/train/ovo147.png,57.7,6.5,9.6,16.125,5.0,16.1,43.7,0.368,81.1,4.95,5.748,0.38,2.0,58.56,42.12,0.62,29.28,14.64,35.95,0,0,1,0,0,0,1,0,0
imagens/train/ovo148.png,66.2,6.6,9.6,16.474,5.0,14.3,41.7,0.343,79.1,4.31,6.285,0.39,2.0,59.09,44.8,0.65,29.55,14.77,40.27,0,1,0,0,0,0,1,0,0
imagens/train/ovo149.png,69.8,7.5,9.5,18.021,5.0,18.4,42.7,0.431,84.0,4.07,6.092,0.36,2.0,61.15,45.38,-0.89,30.58,15.29,39.67,0,1,0,0,0,0,1,0,0
imagens/train/ovo150.png,71.3,8.0,9.5,18.764,5.0,19.3,43.7,0.442,86.7,3.67,6.228,0.38,3.0,58.35,47.53,0.63,29.18,14.59,41.25,0,1,0,0,0,0,1,0,0
imagens/train/ovo151.png,64.7,7.8,9.3,15.765,6.0,17.6,41.3,0.426,87.2,3.73,5.938,0.38,2.0,60.42,44.24,-0.94,30.21,15.11,37.6,0,0,1,0,0,0,1,0,0
imagens/train/ovo152.png,63.1,8.8,9.9,18.547,5.0,17.5,44.0,0.398,93.1,4.21,5.224,0.34,2.0,57.69,44.46,-1.07,28.85,14.42,37.21,0,0,1,0,0,0,1,0,0
imagens/train/ovo153.png,70.5,8.5,9.6,18.127,7.0,18.1,43.0,0.421,89.7,3.89,6.708,0.37,2.0,60.82,45.79,0.0,30.41,15.21,40.71,0,1,0,0,0,0,1,0,0
imagens/train/ovo154.png,58.5,9.5,9.6,15.541,5.0,17.6,41.0,0.429,97.5,3.41,5.514,0.38,3.0,55.86,43.55,0.93,27.93,13.97,37.04,0,0,1,0,0,0,1,0,0
imagens/train/ovo155.png,66.3,6.8,9.4,18.348,5.0,17.1,43.7,0.391,80.5,0.99,5.394,0.34,1.0,58.41,45.58,-0.86,29.21,14.6,40.51,0,1,0,0,0,0,1,0,0
imagens/train/ovo156.png,64.5,7.3,9.2,16.078,5.0,16.5,43.7,0.378,84.2,3.49,5.278,0.34,2.0,60.33,44.12,0.67,30.17,15.08,36.68,0,0,1,0,0,0,1,0,0
imagens/train/ovo157.png,72.9,7.6,9.1,17.328,6.0,17.6,43.3,0.406,83.8,3.47,6.486,0.37,2.0,62.79,46.03,0.0,31.4,15.7,41.51,0,1,0,0,0,0,1,0,0
imagens/train/ovo158.png,63.5,7.8,9.1,18.988,6.0,18.6,44.0,0.423,87.5,4.06,5.92,0.38,2.0,58.57,44.25,-0.84,29.29,14.64,36.77,0,0,1,0,0,0,1,0,0
imagens/train/ovo159.png,65.5,5.5,9.3,18.741,6.0,17.3,40.3,0.429,70.9,3.25,5.686,0.37,2.0,59.99,45.14,0.0,30.0,15.0,39.04,0,1,0,0,0,1,0,0,0
imagens/train/ovo160.png,64.7,7.3,9.5,17.571,6.0,17.1,44.0,0.389,84.2,3.68,6.287,0.38,1.0,61.71,43.32,1.09,30.86,15.43,36.86,0,0,1,0,0,0,1,0,0
imagens/train/ovo161.png,61.0,7.0,9.4,16.105,5.0,17.3,42.0,0.412,83.4,3.61,4.93,0.32,1.0,58.15,44.1,0.0,29.08,14.54,37.17,0,0,1,0,0,0,1,0,0
imagens/train/ovo162.png,72.1,7.8,9.8,16.736,5.0,17.8,43.3,0.411,85.3,5.17,6.521,0.42,2.0,60.5,46.58,-1.89,30.25,15.13,39.37,0,1,0,0,0,0,1,0,0
imagens/train/ovo163.png,67.8,6.4,9.7,18.162,5.0,17.1,43.3,0.395,77.2,4.16,6.654,0.41,2.0,59.49,45.47,-1.3,29.75,14.87,39.33,0,1,0,0,0,0,1,0,0
imagens/train/ovo164.png,60.4,8.8,9.4,17.799,5.0,17.8,43.3,0.411,93.7,4.32,5.282,0.35,2.0,59.57,43.12,0.6,29.79,14.89,36.84,0,0,1,0,0,0,1,0,0
imagens/train/ovo165.png,63.7,7.0,9.3,16.102,5.0,16.5,42.0,0.393,82.6,3.59,5.838,0.37,3.0,58.38,44.67,0.72,29.19,14.6,38.33,0,0,1,0,0,0,1,0,0
imagens/train/ovo166.png,64.5,8.3,8.9,17.379,5.0,17.5,43.7,0.4,90.1,3.05,5.633,0.35,2.0,59.71,44.51,1.38,29.86,14.93,37.57,0,0,1,0,0,0,1,0,0
imagens/train/ovo167.png,62.8,7.6,9.6,18.718,6.0,16.8,44.3,0.379,86.5,2.76,4.973,0.32,1.0,55.91,45.31,-1.16,27.96,13.98,38.26,0,0,1,0,0,0,1,0,0
imagens/train/ovo168.png,68.9,7.5,9.9,18.571,6.0,17.5,45.0,0.389,84.3,0.99,6.348,0.38,2.0,59.13,46.24,-0.79,29.57,14.78,38.76,0,1,0,0,0,0,1,0,0
imagens/train/ovo169.png,58.9,9.0,9.7,15.381,6.0,17.0,40.7,0.418,95.0,4.44,5.778,0.39,1.0,55.43,43.57,-0.93,27.72,13.86,36.88,0,0,1,0,0,0,1,0,0
imagens/train/ovo170.png,60.3,6.3,9.7,18.988,5.0,16.9,45.3,0.373,78.9,3.42,5.29,0.36,1.0,58.29,43.37,0.0,29.15,14.57,38.32,0,0,1,0,0,0,1,0,0
imagens/train/ovo171.png,69.1,8.6,9.6,17.047,5.0,17.6,43.0,0.409,90.6,4.22,6.733,0.42,2.0,59.9,45.55,0.71,29.95,14.98,39.96,0,1,0,0,0,0,1,0,0
imagens/train/ovo172.png,58.1,7.1,9.8,17.48,4.0,15.9,45.3,0.351,84.9,3.06,4.479,0.32,1.0,58.89,42.61,0.4,29.45,14.72,36.2,0,0,1,0,0,0,1,0,0
imagens/train/ovo173.png,63.8,7.4,9.3,16.712,6.0,17.1,43.7,0.391,85.1,5.49,5.9,0.38,3.0,59.35,44.44,0.0,29.68,14.84,37.58,0,0,1,0,0,0,1,0,0
imagens/train/ovo174.png,69.2,6.8,9.4,17.696,5.0,17.9,45.0,0.398,79.6,4.54,6.045,0.36,2.0,61.45,45.41,-0.75,30.73,15.36,39.35,0,1,0,0,0,0,1,0,0
imagens/train/ovo175.png,64.6,8.3,9.6,15.672,5.0,18.4,41.0,0.449,90.0,3.54,5.501,0.35,2.0,59.83,44.51,1.18,29.92,14.96,38.46,0,0,1,0,0,0,1,0,0
imagens/train/ovo176.png,64.7,6.6,10.1,15.499,5.0,16.1,41.7,0.386,79.6,5.84,6.158,0.39,1.0,56.66,45.38,1.52,28.33,14.17,38.07,0,0,1,0,0,0,1,0,0
imagens/train/ovo177.png,68.6,10.0,9.7,17.766,6.0,19.0,109.1,0.174,97.7,3.61,5.56,0.36,2.0,57.27,47.07,0.45,28.64,14.32,38.05,0,1,0,0,0,0,1,0,0
imagens/train/ovo178.png,62.7,8.3,9.6,15.887,5.0,17.1,41.7,0.41,90.5,3.13,5.18,0.36,1.0,58.85,44.28,1.25,29.43,14.71,36.81,0,0,1,0,0,0,1,0,0
imagens/train/ovo179.png,71.0,7.4,9.9,18.38,6.0,16.9,43.3,0.39,83.1,5.33,7.0,0.42,1.0,59.38,46.63,1.02,29.69,14.85,38.64,0,1,0,0,0,0,1,0,0
imagens/train/ovo180.png,60.8,7.4,10.1,17.631,6.0,18.3,41.7,0.439,85.9,5.39,5.749,0.36,1.0,56.09,43.81,-0.83,28.05,14.02,37.89,0,0,1,0,0,0,1,0,0
imagens/train/ovo181.png,65.2,9.8,9.5,16.919,5.0,17.9,43.0,0.416,97.4,3.0,5.057,0.32,2.0,58.83,45.15,0.0,29.42,14.71,39.51,0,1,0,0,0,0,1,0,0
imagens/train/ovo182.png,61.2,8.0,9.3,17.136,5.0,16.9,42.7,0.396,89.3,4.39,5.921,0.39,2.0,57.5,43.85,1.83,28.75,14.38,37.72,0,0,1,0,0,0,1,0,0
imagens/train/ovo183.png,70.4,7.6,9.4,17.085,6.0,17.5,38.7,0.452,84.5,3.02,5.478,0.33,2.0,59.88,46.4,0.0,29.94,14.97,39.72,0,1,0,0,0,0,1,0,0
imagens/train/ovo184.png,61.8,8.0,9.3,17.451,5.0,17.3,44.0,0.393,89.1,4.95,6.259,0.42,2.0,57.61,43.6,0.64,28.81,14.4,38.7,0,0,1,0,0,0,1,0,0
imagens/train/ovo185.png,63.4,7.4,9.3,19.096,5.0,17.6,45.0,0.391,85.2,2.51,5.33,0.34,1.0,60.35,43.5,0.0,30.18,15.09,38.2,0,0,1,0,0,0,1,0,0
imagens/train/ovo186.png,69.6,6.4,9.7,20.852,5.0,17.3,40.7,0.425,76.6,2.98,5.774,0.36,1.0,61.76,45.22,0.0,30.88,15.44,39.92,0,1,0,0,0,0,1,0,0
imagens/train/ovo187.png,59.4,6.6,9.5,16.77,5.0,15.4,43.7,0.352,81.3,1.56,5.734,0.4,2.0,54.06,44.87,-1.54,27.03,13.52,37.6,0,0,1,0,0,0,1,0,0
imagens/train/ovo188.png,64.1,7.8,9.6,19.761,6.0,17.4,42.7,0.407,87.4,2.72,6.345,0.39,2.0,59.95,43.76,-1.06,29.98,14.99,34.36,0,0,1,0,0,0,1,0,0
imagens/train/ovo189.png,58.8,6.0,9.4,22.579,5.0,16.8,44.7,0.376,77.3,2.61,4.624,0.33,2.0,56.51,43.01,-0.74,28.26,14.13,36.6,0,0,1,0,0,0,1,0,0
imagens/train/ovo190.png,66.6,6.6,9.5,18.514,5.0,15.8,41.3,0.383,79.0,1.11,4.416,0.29,1.0,60.07,44.97,0.4,30.04,15.02,37.31,0,1,0,0,0,0,1,0,0
imagens/train/ovo191.png,58.1,9.3,9.4,16.475,5.0,18.9,41.0,0.461,96.7,4.43,5.498,0.41,1.0,56.54,42.98,-0.74,28.27,14.14,36.96,0,0,1,0,0,0,1,0,0
imagens/train/ovo192.png,56.9,6.6,9.7,15.041,6.0,14.5,39.0,0.372,82.1,4.57,5.055,0.35,2.0,56.67,43.37,0.68,28.34,14.17,37.21,0,0,1,0,0,0,1,0,0
imagens/train/ovo193.png,44.5,8.3,9.8,14.212,6.0,16.0,37.3,0.429,95.3,2.92,3.63,0.29,1.0,54.14,38.55,0.0,27.07,13.54,33.05,0,0,0,0,1,0,1,0,0
imagens/train/ovo194.png,59.8,7.5,9.7,16.778,6.0,16.6,39.3,0.422,86.8,4.56,5.418,0.38,1.0,57.17,43.58,0.79,28.59,14.29,37.51,0,0,1,0,0,0,1,0,0
imagens/train/ovo195.png,56.7,7.4,9.7,16.64,6.0,16.8,43.3,0.388,87.1,4.69,5.745,0.39,2.0,55.69,43.18,1.93,27.85,13.92,35.95,0,0,1,0,0,0,1,0,0
imagens/train/ovo196.png,69.3,6.4,9.7,18.134,6.0,16.5,43.0,0.384,76.7,1.95,6.315,0.38,2.0,61.7,45.37,1.15,30.85,15.43,39.66,0,1,0,0,0,0,1,0,0
imagens/train/ovo197.png,60.0,6.6,9.7,17.369,6.0,14.3,40.0,0.358,81.1,3.23,4.896,0.34,2.0,59.61,42.66,0.0,29.81,14.9,36.43,0,0,1,0,0,0,1,0,0
imagens/train/ovo198.png,62.9,7.9,9.4,17.642,6.0,16.4,41.0,0.4,88.3,1.01,4.537,0.3,4.0,60.13,43.93,0.64,30.07,15.03,38.6,0,0,1,0,0,0,1,0,0
imagens/train/ovo199.png,64.1,7.5,9.5,17.68,5.0,17.6,42.3,0.416,85.6,4.94,6.514,0.3,2.0,59.3,44.22,0.0,29.65,14.83,36.43,0,0,1,0,0,0,1,0,0
imagens/train/ovo200.png,59.3,7.0,9.6,17.944,6.0,16.8,44.7,0.376,83.9,2.63,4.201,0.4,1.0,57.42,43.02,0.0,28.71,14.36,37.56,0,0,1,0,0,0,1,0,0
imagens/train/ovo201.png,66.5,4.8,10.3,16.701,5.0,15.6,41.0,0.38,64.0,4.49,6.214,0.38,4.0,60.63,45.39,0.53,30.32,15.16,40.0,7,1,0,0,0,1,0,0,0
imagens/train/ovo202.png,61.9,5.8,9.8,17.087,5.0,15.4,46.3,0.333,74.6,3.38,5.398,0.34,2.0,62.71,42.34,2.88,31.36,15.68,38.11,7,0,1,0,0,0,1,0,0
imagens/train/ovo203.png,58.1,6.9,9.4,15.414,5.0,15.8,41.7,0.379,83.6,2.79,4.558,0.3,2.0,56.64,42.53,0.0,28.32,14.16,39.73,7,0,1,0,0,0,1,0,0
imagens/train/ovo204.png,62.1,4.9,9.2,15.519,6.0,15.4,43.7,0.352,66.9,3.86,5.754,0.4,2.0,58.42,44.23,1.81,29.21,14.61,38.49,7,0,1,0,0,1,0,0,0
imagens/train/ovo205.png,65.8,6.3,8.8,17.882,3.0,15.6,46.7,0.334,77.1,2.44,4.857,0.3,2.0,62.61,44.63,0.39,31.31,15.65,37.53,7,1,0,0,0,0,1,0,0
imagens/train/ovo206.png,61.3,5.1,9.3,18.239,5.0,14.9,45.3,0.329,69.1,3.55,5.766,0.34,1.0,57.82,43.63,-1.11,28.91,14.46,38.12,7,0,1,0,0,1,0,0,0
imagens/train/ovo207.png,59.4,5.6,9.7,17.235,5.0,14.9,46.7,0.319,74.0,3.95,5.622,0.35,1.0,57.54,42.84,-0.83,28.77,14.39,39.9,7,0,1,0,0,0,1,0,0
imagens/train/ovo208.png,53.8,4.8,9.2,15.778,6.0,14.8,42.3,0.35,69.7,3.7,5.18,0.37,1.0,57.4,41.71,0.66,28.7,14.35,36.1,7,0,0,1,0,1,0,0,0
imagens/train/ovo209.png,61.6,4.9,9.8,17.183,5.0,16.4,41.3,0.397,67.1,4.33,5.757,0.39,3.0,58.1,43.97,-0.85,29.05,14.53,37.09,7,0,1,0,0,1,0,0,0
imagens/train/ovo210.png,57.3,5.1,9.5,16.362,6.0,15.1,47.3,0.319,70.7,3.51,5.71,0.39,2.0,57.98,43.13,-0.92,28.99,14.5,38.32,7,0,1,0,0,1,0,0,0
imagens/train/ovo211.png,68.6,6.6,9.9,18.596,5.0,17.8,44.0,0.405,78.3,3.29,6.327,0.38,2.0,59.13,45.66,0.73,29.57,14.78,40.76,7,1,0,0,0,0,1,0,0
imagens/train/ovo212.png,63.8,6.6,9.9,17.798,5.0,16.8,43.3,0.388,79.9,4.45,5.869,0.38,2.0,57.59,45.19,1.59,28.8,14.4,39.36,7,0,1,0,0,0,1,0,0
imagens/train/ovo213.png,62.5,4.1,10.0,16.135,6.0,13.9,43.0,0.323,58.5,3.67,6.167,0.38,3.0,57.96,44.38,2.25,28.98,14.49,39.24,7,0,1,0,0,0,0,1,0
imagens/train/ovo214.png,60.1,6.0,10.2,16.695,5.0,15.5,44.0,0.352,76.8,5.08,6.119,0.4,2.0,59.31,42.6,0.68,29.66,14.83,38.56,7,0,1,0,0,0,1,0,0
imagens/train/ovo215.png,60.7,5.6,10.1,17.452,5.0,15.3,45.0,0.34,73.5,5.18,6.692,0.38,2.0,56.89,43.86,0.72,28.45,14.22,39.28,7,0,1,0,0,0,1,0,0
imagens/train/ovo216.png,69.5,5.0,10.1,19.187,5.0,16.6,44.3,0.375,64.7,2.5,5.968,0.35,3.0,62.6,45.47,1.52,31.3,15.65,39.13,7,1,0,0,0,1,0,0,0
imagens/train/ovo217.png,53.4,5.4,10.1,17.724,5.0,16.0,45.7,0.35,74.8,3.45,5.262,0.36,2.0,55.03,41.83,0.58,27.52,13.76,36.42,7,0,0,1,0,0,1,0,0
imagens/train/ovo218.png,61.2,6.1,9.8,17.988,5.0,16.9,44.0,0.384,77.2,3.68,5.354,0.36,2.0,58.2,43.53,2.23,29.1,14.55,38.54,7,0,1,0,0,0,1,0,0
imagens/train/ovo219.png,61.4,5.4,9.9,16574.0,5.0,15.8,43.3,0.365,71.6,3.24,5.762,0.36,2.0,59.21,43.05,0.63,29.61,14.8,36.12,7,0,1,0,0,1,0,0,0
imagens/train/ovo220.png,70.7,5.9,9.5,18.574,5.0,16.0,43.7,0.366,72.3,3.4,6.145,0.36,1.0,61.51,45.98,0.47,30.76,15.38,38.52,7,1,0,0,0,0,1,0,0
imagens/train/ovo221.png,71.1,4.5,9.7,19.273,5.0,15.3,46.3,0.33,58.7,3.19,5.97,0.38,2.0,60.85,46.19,1.72,30.43,15.21,39.32,7,1,0,0,0,0,0,1,0
imagens/train/ovo222.png,61.2,6.0,10.1,15.296,6.0,15.4,45.0,0.342,76.4,2.61,4.066,0.3,4.0,61.68,43.87,1.1,30.84,15.42,36.86,7,0,1,0,0,0,1,0,0
imagens/train/ovo223.png,68.1,6.8,9.6,20.552,6.0,18.0,45.3,0.397,79.9,3.78,5.892,0.36,1.0,59.33,46.58,-1.59,29.67,14.83,41.43,7,1,0,0,0,0,1,0,0
imagens/train/ovo224.png,62.4,5.6,10.0,18.0,5.0,16.1,45.3,0.355,72.9,3.96,5.897,0.37,3.0,59.64,43.26,0.64,29.82,14.91,37.15,7,0,1,0,0,0,1,0,0
imagens/train/ovo225.png,53.0,6.5,9.7,15.997,6.0,16.0,45.0,0.356,82.7,1.5,4.508,0.31,1.0,56.68,41.16,-0.89,28.34,14.17,36.54,7,0,0,1,0,0,1,0,0
imagens/train/ovo226.png,62.3,6.3,9.8,19.015,6.0,16.4,45.3,0.362,78.2,3.42,5.575,0.35,1.0,57.82,44.51,0.66,28.91,14.46,38.0,7,0,1,0,0,0,1,0,0
imagens/train/ovo227.png,61.0,6.3,10.1,19.13,6.0,16.5,44.3,0.372,78.7,3.73,5.856,0.4,2.0,57.98,43.62,-0.45,28.99,14.5,38.31,7,0,1,0,0,0,1,0,0
imagens/train/ovo228.png,60.8,6.1,10.1,16.473,5.0,16.3,45.3,0.36,77.3,3.35,5.35,0.36,3.0,56.87,43.97,-0.85,28.44,14.22,38.33,7,0,1,0,0,0,1,0,0
imagens/train/ovo229.png,66.7,5.4,9.8,18.79,5.0,16.0,45.3,0.353,69.5,4.31,6.092,0.37,1.0,59.41,45.25,0.9,29.71,14.85,39.3,7,1,0,0,0,1,0,0,0
imagens/train/ovo230.png,71.2,6.0,10.1,20.171,5.0,16.4,45.3,0.362,72.9,4.09,6.892,0.4,1.0,60.25,46.27,0.85,30.13,15.06,42.26,7,1,0,0,0,0,1,0,0
imagens/train/ovo231.png,64.6,5.9,9.5,20.389,5.0,16.0,46.7,0.343,74.4,2.59,5.223,0.31,2.0,59.92,44.52,0.0,29.96,14.98,38.6,7,0,1,0,0,0,1,0,0
imagens/train/ovo232.png,74.9,6.1,9.5,16.941,5.0,16.1,44.0,0.366,72.5,3.99,6.395,0.34,2.0,62.1,46.88,0.73,31.05,15.53,41.47,7,1,0,0,0,0,1,0,0
imagens/train/ovo233.png,60.8,5.5,9.7,18.31,5.0,15.9,45.0,0.353,72.7,1.05,5.489,0.35,1.0,57.27,44.01,0.0,28.64,14.32,38.76,7,0,1,0,0,0,1,0,0
imagens/train/ovo234.png,70.0,6.5,10.0,21.321,6.0,18.3,47.0,0.389,77.2,4.12,5.907,0.36,3.0,59.9,45.68,0.98,29.95,14.98,41.73,7,1,0,0,0,0,1,0,0
imagens/train/ovo235.png,55.2,5.1,10.2,18.317,5.0,16.0,43.0,0.372,71.6,4.16,5.357,0.37,1.0,54.83,42.53,1.3,27.42,13.71,37.13,7,0,1,0,0,1,0,0,0
imagens/train/ovo236.png,65.0,4.8,10.2,17.89,6.0,14.0,44.0,0.318,64.7,2.55,6.476,0.37,1.0,58.11,44.45,0.0,29.06,14.53,38.91,7,1,0,0,0,1,0,0,0
imagens/train/ovo237.png,68.0,6.3,10.2,17.564,5.0,16.1,44.0,0.366,76.3,3.22,5.669,0.34,2.0,60.55,45.19,-0.36,30.28,15.14,38.87,7,1,0,0,0,0,1,0,0
imagens/train/ovo238.png,59.3,5.5,10.2,17.701,5.0,14.8,45.3,0.327,73.2,1.8,4.148,0.26,1.0,56.52,44.43,-0.65,28.26,14.13,39.11,7,0,1,0,0,0,1,0,0
imagens/train/ovo239.png,72.5,5.6,10.1,21.03,5.0,17.5,47.3,0.37,69.1,3.8,6.744,0.35,2.0,60.36,46.83,0.95,30.18,15.09,40.69,7,1,0,0,0,1,0,0,0
imagens/train/ovo240.png,63.3,4.6,10.1,17.612,5.0,15.9,42.7,0.372,63.5,3.31,5.869,0.37,1.0,59.58,43.72,0.68,29.79,14.9,38.81,7,0,1,0,0,1,0,0,0
imagens/train/ovo241.png,69.6,6.3,9.7,17.767,6.0,15.9,44.0,0.361,75.8,1.54,5.345,0.32,1.0,59.44,46.65,1.04,29.72,14.86,40.6,7,1,0,0,0,0,1,0,0
imagens/train/ovo242.png,63.9,4.6,10.2,18.391,6.0,15.6,45.0,0.347,63.2,4.5,5.951,0.38,2.0,58.29,44.64,0.34,29.15,14.57,39.21,7,0,1,0,0,1,0,0,0
imagens/train/ovo243.png,57.8,7.3,9.9,17.51,6.0,18.0,42.3,0.426,86.2,2.41,5.001,0.33,3.0,56.33,42.82,0.0,28.17,14.08,36.93,7,0,1,0,0,0,1,0,0
imagens/train/ovo244.png,66.7,5.1,10.2,19.989,6.0,16.4,45.3,0.362,66.8,4.11,6.791,0.41,2.0,59.55,45.04,-0.73,29.78,14.89,38.64,7,1,0,0,0,1,0,0,0
imagens/train/ovo245.png,61.3,6.8,9.5,18.022,5.0,17.0,43.7,0.389,82.0,1.99,3.538,0.26,3.0,57.6,44.67,-1.05,28.8,14.4,39.17,7,0,1,0,0,0,1,0,0
imagens/train/ovo246.png,58.8,3.8,9.9,16.639,5.0,15.0,43.0,0.349,57.1,5.41,5.958,0.38,2.0,58.47,42.74,0.64,29.24,14.62,36.88,7,0,1,0,0,0,0,1,0
imagens/train/ovo248.png,67.4,6.1,9.7,16.396,5.0,15.5,43.3,0.358,75.0,3.78,5.791,0.36,3.0,60.22,45.67,-0.71,30.11,15.06,37.52,7,1,0,0,0,0,1,0,0
imagens/train/ovo250.png,64.1,5.8,10.0,16.664,6.0,15.0,42.7,0.351,73.8,3.86,5.825,0.37,1.0,56.08,45.64,-0.44,28.04,14.02,39.49,7,0,1,0,0,0,1,0,0
imagens/train/ovo251.png,57.2,8.0,10.0,17.453,5.0,15.9,48.3,0.329,90.3,2.82,5.224,0.34,2.0,56.07,42.95,-0.92,28.04,14.02,39.62,7,0,1,0,0,0,1,0,0
imagens/train/ovo252.png,72.6,6.5,9.9,20.069,5.0,17.1,46.7,0.366,76.4,3.44,6.104,0.35,3.0,60.79,46.59,0.75,30.4,15.2,40.86,7,1,0,0,0,0,1,0,0
imagens/train/ovo253.png,68.6,7.3,9.8,18.84,5.0,18.0,42.7,0.422,83.1,4.03,5.543,0.36,3.0,58.48,46.75,1.09,29.24,14.62,42.51,7,1,0,0,0,0,1,0,0
imagens/train/ovo254.png,63.4,5.5,9.8,18.697,5.0,16.9,44.0,0.384,71.7,3.77,5.276,0.33,3.0,58.84,44.49,1.04,29.42,14.71,38.36,7,0,1,0,0,1,0,0,0
imagens/train/ovo255.png,58.8,4.6,9.4,17.443,6.0,14.4,47.3,0.304,65.6,4.61,5.486,0.35,1.0,57.27,43.54,0.0,28.64,14.32,37.06,7,0,1,0,0,1,0,0,0
imagens/train/ovo256.png,64.4,6.3,10.1,19.17,5.0,17.4,45.3,0.384,77.5,4.54,6.49,0.38,2.0,58.29,44.92,-0.53,29.15,14.57,40.47,7,0,1,0,0,0,1,0,0
imagens/train/ovo257.png,58.7,5.6,9.7,16.83,5.0,15.1,44.3,0.341,74.3,4.69,5.372,0.38,2.0,58.24,43.14,-0.54,29.12,14.56,38.22,7,0,1,0,0,0,1,0,0
imagens/train/ovo258.png,65.0,5.0,9.9,19.083,6.0,15.3,47.3,0.323,66.6,4.27,60.07,0.38,4.0,59.78,44.14,0.51,29.89,14.95,38.32,7,1,0,0,0,1,0,0,0
imagens/train/ovo259.png,62.6,5.3,9.2,18.963,6.0,14.8,40.3,0.367,70.3,4.08,6.083,0.38,2.0,56.89,44.61,0.0,28.45,14.22,40.75,7,0,1,0,0,1,0,0,0
imagens/train/ovo262.png,58.1,4.4,10.2,16.344,5.0,15.4,37.7,0.408,63.9,4.31,5.378,0.36,2.0,56.93,43.05,0.55,28.47,14.23,38.11,7,0,1,0,0,1,0,0,0
imagens/train/ovo263.png,66.7,4.4,9.7,18.251,5.0,14.9,45.3,0.329,59.7,4.28,6.496,0.4,1.0,58.35,45.72,0.95,29.18,14.59,41.4,7,1,0,0,0,0,0,1,0
imagens/train/ovo264.png,63.7,5.0,10.2,17.97,6.0,14.8,38.0,0.389,67.2,2.42,5.938,0.36,3.0,60.13,43.73,0.55,30.07,15.03,37.15,7,0,1,0,0,1,0,0,0
imagens/train/ovo265.png,60.7,5.3,10.0,15.231,5.0,13.9,43.0,0.323,71.0,3.41,5.638,0.37,3.0,58.85,44.2,1.14,29.43,14.71,36.71,7,0,1,0,0,1,0,0,0
imagens/train/ovo266.png,63.9,4.6,10.6,18.916,5.0,15.3,45.3,0.338,63.2,2.69,6.08,0.38,1.0,60.46,43.89,0.7,30.23,15.12,38.41,7,0,1,0,0,1,0,0,0
imagens/train/ovo267.png,66.5,5.3,10.3,19.637,5.0,16.1,44.7,0.36,68.7,3.55,6.385,0.4,1.0,57.08,45.81,0.92,28.54,14.27,40.58,7,1,0,0,0,1,0,0,0
imagens/train/ovo268.png,67.8,6.9,10.0,19.68,6.0,17.9,45.3,0.395,80.7,2.32,4.215,0.29,1.0,60.68,45.91,0.0,30.34,15.17,40.6,7,1,0,0,0,0,1,0,0
imagens/train/ovo269.png,74.9,5.4,10.2,20.079,5.0,16.4,42.3,0.388,66.3,4.52,503.0,0.36,2.0,61.52,47.35,0.72,30.76,15.38,41.63,7,1,0,0,0,1,0,0,0
imagens/train/ovo271.png,69.5,6.5,9.5,21.132,5.0,17.3,44.0,0.393,77.3,0.89,5.468,0.32,2.0,63.97,45.44,1.36,31.99,15.99,38.94,7,1,0,0,0,0,1,0,0
imagens/train/ovo272.png,58.4,6.8,9.3,16.941,5.0,15.9,45.3,0.351,82.9,2.68,4.8,0.34,2.0,58.44,42.61,0.64,29.22,14.61,36.83,7,0,1,0,0,0,1,0,0
imagens/train/ovo273.png,70.9,4.1,10.0,19.568,6.0,14.8,47.0,0.315,54.1,4.66,7.114,0.4,3.0,61.69,45.55,0.58,30.85,15.42,37.77,7,1,0,0,0,0,0,1,0
imagens/train/ovo274.png,60.2,6.4,10.0,16.985,5.0,15.9,46.7,0.34,79.6,4.21,5.375,0.37,2.0,59.72,42.43,0.96,29.86,14.93,37.63,7,0,1,0,0,0,1,0,0
imagens/train/ovo275.png,63.3,6.1,9.7,16.701,6.0,16.5,42.3,0.39,76.4,3.89,6.589,0.38,4.0,59.84,42.81,3.61,29.92,14.96,38.73,7,0,1,0,0,0,1,0,0
imagens/train/ovo276.png,74.9,5.8,9.9,20.123,5.0,17.9,42.3,0.423,69.9,3.33,6.056,0.32,4.0,63.74,46.75,3.66,31.87,15.94,40.98,7,1,0,0,0,1,0,0,0
imagens/train/ovo277.png,57.9,3.9,9.7,17.223,5.0,16.4,43.7,0.375,58.7,2.71,5.828,0.39,4.0,57.98,42.77,0.98,28.99,14.5,38.99,7,0,1,0,0,0,0,1,0
imagens/train/ovo278.png,70.3,6.4,9.9,18.87,5.0,17.1,42.0,0.407,76.3,4.77,6.416,0.4,4.0,60.36,46.88,0.69,30.18,15.09,39.28,7,1,0,0,0,0,1,0,0
imagens/train/ovo279.png,63.0,6.9,10.1,16.061,5.0,16.0,41.0,0.39,82.1,4.68,5.397,0.39,1.0,57.99,44.86,0.61,29.0,14.5,40.65,7,0,1,0,0,0,1,0,0
imagens/train/ovo280.png,66.5,4.3,10.1,18.637,6.0,15.3,45.3,0.338,58.7,5.47,6.486,0.4,2.0,61.59,44.2,0.0,30.8,15.4,39.32,7,1,0,0,0,0,0,1,0
imagens/train/ovo281.png,63.0,4.9,10.1,17.689,6.0,14.6,47.0,0.311,66.5,4.25,6.1,0.38,1.0,59.6,43.77,1.51,29.8,14.9,38.71,7,0,1,0,0,1,0,0,0
imagens/train/ovo282.png,62.9,5.1,10.1,17.507,6.0,15.5,40.3,0.385,68.4,4.8,6.333,0.4,1.0,58.57,44.12,0.97,29.29,14.64,37.77,7,0,1,0,0,1,0,0,0
imagens/train/ovo283.png,71.0,6.1,10.0,18.099,5.0,16.5,43.3,0.381,73.8,3.99,6.154,0.38,2.0,61.15,46.95,0.76,30.58,15.29,39.04,7,1,0,0,0,0,1,0,0
imagens/train/ovo284.png,59.0,5.4,10.1,17.773,5.0,15.8,44.0,0.359,72.5,3.51,5.616,0.36,1.0,57.7,43.03,0.62,28.85,14.43,36.48,7,0,1,0,0,0,1,0,0
imagens/train/ovo285.png,65.1,4.9,10.4,19.538,5.0,16.1,45.7,0.352,65.6,4.8,6.083,0.37,2.0,59.92,44.73,0.83,29.96,14.98,37.42,7,1,0,0,0,1,0,0,0
imagens/train/ovo286.png,60.3,5.3,10.1,17.823,5.0,16.3,44.0,0.37,71.2,4.98,5.619,0.38,2.0,56.94,44.15,1.28,28.47,14.24,35.87,7,0,1,0,0,1,0,0,0
imagens/train/ovo287.png,60.7,6.1,10.4,15.751,5.0,14.8,40.3,0.367,77.3,5.29,6.455,0.4,2.0,57.72,43.96,0.35,28.86,14.43,37.77,7,0,1,0,0,0,1,0,0
imagens/train/ovo288.png,57.5,6.0,10.2,14.906,5.0,14.0,40.0,0.35,77.7,3.01,5.016,0.33,1.0,55.96,43.36,-0.97,27.98,13.99,36.72,7,0,1,0,0,0,1,0,0
imagens/train/ovo289.png,60.1,5.1,10.2,19.398,5.0,16.0,46.7,0.343,69.6,3.77,5.45,0.33,3.0,60.19,42.57,0.94,30.1,15.05,36.77,7,0,1,0,0,1,0,0,0
imagens/train/ovo290.png,58.8,5.4,9.9,19.072,5.0,16.8,44.7,0.376,72.6,3.74,5.425,0.35,3.0,57.25,42.98,1.2,28.63,14.31,36.94,7,0,1,0,0,0,1,0,0
imagens/train/ovo291.png,68.5,5.1,9.7,19.318,6.0,16.4,45.7,0.359,66.1,2.93,6.174,0.38,2.0,62.01,45.03,0.56,31.01,15.5,37.76,7,1,0,0,0,1,0,0,0
imagens/train/ovo292.png,66.2,5.1,9.7,20.62,4.0,16.8,46.3,0.363,67.0,4.77,6.485,0.4,3.0,61.22,44.68,-0.4,30.61,15.31,39.35,7,1,0,0,0,1,0,0,0
imagens/train/ovo293.png,64.4,5.5,9.8,21.466,6.0,17.1,47.0,0.364,71.3,3.87,6.201,0.37,1.0,58.5,45.34,0.94,29.25,14.63,40.44,7,0,1,0,0,1,0,0,0
imagens/train/ovo294.png,55.3,4.5,10.3,16.676,5.0,14.6,40.3,0.362,66.2,3.55,5.176,0.37,2.0,55.57,42.77,1.68,27.79,13.89,36.34,7,0,1,0,0,1,0,0,0
imagens/train/ovo295.png,75.4,6.1,10.0,18.579,6.0,17.9,43.7,0.41,72.3,2.67,6.225,0.35,4.0,61.38,47.91,1.18,30.69,15.35,40.57,7,1,0,0,0,0,1,0,0
imagens/train/ovo296.png,58.3,5.0,10.2,16.95,5.0,16.1,44.3,0.363,69.4,5.23,5.725,0.39,2.0,58.77,42.25,0.98,29.39,14.69,36.19,7,0,1,0,0,1,0,0,0
imagens/train/ovo297.png,64.4,6.1,9.8,11.121,5.0,16.4,40.0,0.41,76.1,3.21,4.864,0.31,3.0,59.01,44.84,3.2,29.51,14.75,40.2,7,0,1,0,0,0,1,0,0
imagens/train/ovo298.png,62.4,5.0,10.2,19.195,5.0,15.6,45.7,0.341,67.7,2.27,4.721,0.29,2.0,62.07,43.34,2.23,31.04,15.52,36.97,7,0,1,0,0,1,0,0,0
imagens/train/ovo299.png,61.0,5.6,10.5,17.035,5.0,15.9,41.3,0.385,73.4,5.4,6.289,0.46,2.0,58.62,43.01,0.0,29.31,14.66,36.7,7,0,1,0,0,0,1,0,0
imagens/train/ovo300.png,66.5,6.1,10.1,19.642,5.0,17.0,45.0,0.378,75.3,3.53,5.625,0.36,1.0,60.46,44.93,-0.44,30.23,15.12,38.76,7,1,0,0,0,0,1,0,0
imagens/train/ovo301.png,69.1,7.4,9.7,19.864,5.0,17.4,51.7,0.337,83.6,2.81,5.901,0.33,3.0,61.39,45.7,1.23,30.7,15.35,39.86,7,1,0,0,0,0,1,0,0
imagens/train/ovo303.png,63.6,5.5,10.2,18.021,5.0,15.5,47.7,0.325,71.6,3.39,5.2,0.32,2.0,60.28,44.54,0.79,30.14,15.07,39.0,7,0,1,0,0,1,0,0,0
imagens/train/ovo304.png,57.1,5.1,9.8,18.973,6.0,16.5,45.3,0.364,70.8,4.79,5.547,0.37,2.0,56.46,42.83,1.02,28.23,14.12,36.78,7,0,1,0,0,1,0,0,0
imagens/train/ovo305.png,67.3,5.0,10.4,18.741,5.0,15.6,44.7,0.349,65.6,4.69,5.96,0.38,2.0,57.53,45.83,-0.74,28.77,14.38,40.85,7,1,0,0,0,1,0,0,0
imagens/train/ovo306.png,57.3,5.1,10.4,18.311,5.0,15.5,45.3,0.342,70.7,3.28,5.02,0.33,2.0,56.03,42.9,-0.74,28.02,14.01,36.54,7,0,1,0,0,1,0,0,0
imagens/train/ovo307.png,68.7,5.3,10.3,18.979,5.0,15.8,46.0,0.343,67.8,5.53,6.555,0.38,2.0,60.12,45.67,0.97,30.06,15.03,37.71,7,1,0,0,0,1,0,0,0
imagens/train/ovo308.png,64.6,5.1,10.2,18.508,5.0,16.3,44.7,0.365,67.7,3.82,6.054,0.37,1.0,57.91,44.69,0.96,28.96,14.48,37.99,7,0,1,0,0,1,0,0,0
imagens/train/ovo310.png,62.8,4.4,10.1,17.14,5.0,14.3,41.7,0.343,61.6,3.45,5.666,0.35,2.0,60.0,43.72,0.66,30.0,15.0,38.66,7,0,1,0,0,1,0,0,0
imagens/train/ovo311.png,63.2,5.6,10.0,17.724,5.0,14.5,45.0,0.322,72.6,5.25,6.434,0.4,2.0,59.26,44.38,-0.51,29.63,14.82,37.11,7,0,1,0,0,0,1,0,0
imagens/train/ovo312.png,61.2,5.1,10.2,16.913,5.0,15.1,40.0,0.378,69.1,2.44,5.255,0.34,2.0,58.64,43.59,-0.59,29.32,14.66,37.14,7,0,1,0,0,1,0,0,0
imagens/train/ovo313.png,57.2,4.9,10.0,16.525,5.0,15.8,39.7,0.398,69.0,4.06,5.472,0.35,1.0,56.14,43.04,0.99,28.07,14.04,39.69,7,0,1,0,0,1,0,0,0
imagens/train/ovo314.png,60.3,5.6,10.2,17.875,6.0,16.0,44.3,0.361,73.7,2.4,5.233,0.34,2.0,57.16,43.8,0.83,28.58,14.29,38.67,7,0,1,0,0,0,1,0,0
imagens/train/ovo315.png,60.3,5.1,10.5,17.899,6.0,15.1,45.3,0.333,69.5,4.61,5.38,0.36,1.0,58.91,43.25,0.0,29.46,14.73,37.17,7,0,1,0,0,1,0,0,0
imagens/train/ovo317.png,63.1,7.8,9.9,17.999,5.0,17.5,44.7,0.391,87.6,3.53,5.185,0.33,2.0,58.24,44.53,1.05,29.12,14.56,37.89,7,0,1,0,0,0,1,0,0
imagens/train/ovo318.png,60.1,6.8,10.0,17.03,6.0,15.8,39.7,0.398,82.4,1.3,4.481,0.32,3.0,62.32,42.5,3.24,31.16,15.58,37.66,7,0,1,0,0,0,1,0,0
imagens/train/ovo319.png,64.6,5.9,10.1,18.762,6.0,16.1,46.7,0.345,74.4,4.15,6.071,0.39,3.0,59.02,44.47,0.5,29.51,14.76,39.49,7,0,1,0,0,0,1,0,0
imagens/train/ovo320.png,62.6,4.8,10.1,19.732,5.0,15.5,46.7,0.332,65.7,3.66,5.773,0.36,2.0,59.41,43.84,0.59,29.71,14.85,38.94,7,0,1,0,0,1,0,0,0
imagens/train/ovo321.png,66.5,6.6,9.9,21.342,5.0,17.8,46.7,0.381,79.0,3.99,5.771,0.36,3.0,61.08,44.66,1.34,30.54,15.27,39.36,7,1,0,0,0,0,1,0,0
imagens/train/ovo322.png,67.0,5.4,10.0,16.208,5.0,15.6,41.0,0.38,69.4,2.71,5.847,0.36,3.0,64.39,44.74,1.54,32.2,16.1,39.63,7,1,0,0,0,1,0,0,0
imagens/train/ovo323.png,67.7,5.8,10.2,18.431,6.0,15.3,45.0,0.34,72.5,3.77,5.59,0.36,2.0,58.41,46.32,-1.23,29.21,14.6,41.62,7,1,0,0,0,0,1,0,0
imagens/train/ovo324.png,60.5,4.8,9.9,17.444,5.0,15.8,41.0,0.385,66.7,5.05,6.105,0.4,3.0,58.83,43.5,0.55,29.42,14.71,38.33,7,0,1,0,0,1,0,0,0
imagens/train/ovo325.png,64.5,5.1,10.3,18.364,5.0,17.8,45.0,0.396,67.7,2.35,6.055,0.39,1.0,57.43,45.34,1.07,28.72,14.36,39.92,7,0,1,0,0,1,0,0,0
imagens/train/ovo326.png,57.0,5.8,10.0,15.622,5.0,16.1,39.3,0.41,76.4,4.07,6.232,0.41,4.0,57.27,42.36,0.44,28.64,14.32,36.88,7,0,1,0,0,0,1,0,0
imagens/train/ovo327.png,59.2,5.1,9.7,17.416,5.0,15.1,40.3,0.375,69.9,5.23,6.161,0.42,2.0,56.2,43.51,1.04,28.1,14.05,36.65,7,0,1,0,0,1,0,0,0
imagens/train/ovo328.png,61.5,6.6,10.1,19.462,5.0,17.1,44.7,0.383,80.6,4.89,2.273,0.39,2.0,58.24,43.66,0.54,29.12,14.56,39.51,7,0,1,0,0,0,1,0,0
imagens/train/ovo329.png,58.0,5.4,10.2,19.612,6.0,15.5,46.0,0.337,72.9,3.75,5.279,0.35,1.0,57.22,42.74,0.99,28.61,14.31,37.15,7,0,1,0,0,0,1,0,0
imagens/train/ovo330.png,58.3,6.3,10.2,16.231,4.0,16.5,39.3,0.42,79.6,2.47,4.752,0.33,2.0,54.98,44.12,-0.83,27.49,13.75,36.12,7,0,1,0,0,0,1,0,0
imagens/train/ovo331.png,58.4,3.6,10.0,15.952,5.0,15.9,42.7,0.372,54.9,1.09,3.979,0.32,2.0,59.14,43.44,0.43,29.57,14.79,37.79,7,0,1,0,0,0,0,1,0
imagens/train/ovo332.png,60.6,5.6,10.0,16.163,5.0,14.6,40.3,0.362,73.5,4.71,6.139,0.37,2.0,57.63,43.47,0.0,28.82,14.41,37.06,7,0,1,0,0,0,1,0,0
imagens/train/ovo333.png,61.8,5.6,10.2,17.033,5.0,16.5,45.0,0.367,73.1,4.24,5.235,0.34,2.0,57.01,43.98,1.18,28.51,14.25,37.46,7,0,1,0,0,0,1,0,0
imagens/train/ovo334.png,66.2,5.6,10.2,19.209,5.0,16.1,45.3,0.355,71.4,3.85,5.911,0.35,2.0,58.41,45.39,0.0,29.21,14.6,39.58,7,1,0,0,0,1,0,0,0
imagens/train/ovo335.png,57.8,6.5,9.7,15.818,5.0,17.3,46.3,0.374,81.1,3.31,4.905,0.33,3.0,56.67,43.22,-1.13,28.34,14.17,37.02,7,0,1,0,0,0,1,0,0
imagens/train/ovo336.png,64.6,6.5,10.2,20.051,6.0,16.8,46.0,0.365,78.9,2.8,5.242,0.32,2.0,56.76,45.66,-0.19,28.38,14.19,39.88,7,0,1,0,0,0,1,0,0
imagens/train/ovo337.png,66.4,6.3,10.0,18.754,5.0,15.9,44.3,0.359,76.9,4.92,6.539,0.41,3.0,56.28,46.65,-1.11,28.14,14.07,39.88,7,1,0,0,0,0,1,0,0
imagens/train/ovo338.png,70.2,6.8,10.1,19.075,6.0,16.9,44.0,0.384,79.3,4.7,6.301,0.37,2.0,59.73,46.29,0.72,29.87,14.93,39.68,7,1,0,0,0,0,1,0,0
imagens/train/ovo339.png,66.9,7.8,10.3,20.509,5.0,16.6,45.7,0.363,86.6,3.64,6.218,0.38,1.0,58.43,45.97,-0.6,29.22,14.61,39.67,7,1,0,0,0,0,1,0,0
imagens/train/ovo340.png,66.0,5.9,10.4,20.077,5.0,16.9,45.7,0.37,74.0,3.46,6.156,0.39,1.0,56.27,45.91,-0.42,28.14,14.07,40.19,7,1,0,0,0,0,1,0,0
imagens/train/ovo341.png,50.6,6.5,9.3,13.51,6.0,15.4,38.0,0.405,83.5,4.57,5.148,0.38,1.0,54.12,41.19,-0.91,27.06,13.53,35.55,7,0,0,1,0,0,1,0,0
imagens/train/ovo342.png,61.4,6.1,10.1,18.273,6.0,15.8,46.0,0.343,77.1,5.46,5.754,0.36,2.0,58.51,43.18,1.5,29.26,14.63,37.49,7,0,1,0,0,0,1,0,0
imagens/train/ovo343.png,63.2,6.0,10.3,18.06,5.0,16.5,43.0,0.384,75.7,5.75,6.426,0.42,3.0,59.17,44.05,1.19,29.59,14.79,37.57,7,0,1,0,0,0,1,0,0
imagens/train/ovo344.png,66.8,4.4,10.3,19.188,5.0,16.3,43.7,0.373,59.7,5.77,6.47,0.4,2.0,58.37,45.64,-0.5,29.19,14.59,40.46,7,1,0,0,0,0,0,1,0
imagens/train/ovo345.png,57.0,4.8,10.0,17.431,5.0,15.1,44.7,0.338,68.2,4.35,5.485,0.36,1.0,57.06,42.33,0.89,28.53,14.27,36.03,7,0,1,0,0,1,0,0,0
imagens/train/ovo346.png,56.4,3.5,10.6,18.949,5.0,14.3,46.3,0.309,54.9,4.51,5.842,0.39,2.0,55.96,42.42,0.43,27.98,13.99,36.72,7,0,1,0,0,0,0,1,0
imagens/train/ovo347.png,66.4,6.5,9.9,18.183,5.0,17.0,43.0,0.395,78.3,3.8,6.301,0.39,2.0,59.53,45.47,-0.69,29.77,14.88,39.85,7,1,0,0,0,0,1,0,0
imagens/train/ovo348.png,66.8,5.3,10.6,21.405,6.0,16.5,47.3,0.349,68.6,4.5,6.707,0.4,1.0,58.44,49.62,-1.14,29.22,14.61,39.62,7,1,0,0,0,1,0,0,0
imagens/train/ovo349.png,65.3,7.0,10.5,15.99,5.0,15.0,44.7,0.336,82.1,4.01,6.377,0.39,2.0,56.11,45.98,-1.25,28.06,14.03,39.9,7,1,0,0,0,0,1,0,0
imagens/train/ovo350.png,65.3,4.6,10.3,18.591,6.0,14.5,40.7,0.356,62.5,2.87,5.7,0.35,2.0,57.74,44.82,-1.1,28.87,14.44,39.51,7,1,0,0,0,1,0,0,0
imagens/train/ovo351.png,60.4,6.0,10.1,15.98,5.0,15.6,40.3,0.387,76.7,3.08,5.164,0.41,2.0,57.92,43.88,0.0,28.96,14.48,38.58,7,0,1,0,0,0,1,0,0
imagens/train/ovo352.png,64.2,5.3,10.2,20.092,5.0,16.9,46.7,0.362,69.6,4.34,5.495,0.35,2.0,59.21,44.19,1.24,29.61,14.8,39.51,7,0,1,0,0,1,0,0,0
imagens/train/ovo353.png,58.8,5.5,10.3,16.845,5.0,16.0,40.0,0.4,73.4,3.6,5.693,0.37,1.0,56.33,43.65,1.13,28.17,14.08,37.07,7,0,1,0,0,0,1,0,0
imagens/train/ovo354.png,64.8,6.5,10.2,17.581,6.0,15.4,43.7,0.352,78.8,3.7,5.554,0.32,1.0,59.54,44.75,0.88,29.77,14.89,40.16,7,0,1,0,0,0,1,0,0
imagens/train/ovo355.png,63.0,6.0,9.9,16.971,5.0,16.6,43.3,0.383,75.8,4.26,5.331,0.34,2.0,59.26,44.38,3.26,29.63,14.82,38.61,7,0,1,0,0,0,1,0,0
imagens/train/ovo356.png,64.4,5.9,10.2,17.61,5.0,15.6,44.3,0.352,74.5,4.77,6.67,0.42,2.0,58.7,44.96,-0.72,29.35,14.68,40.64,7,0,1,0,0,0,1,0,0
imagens/train/ovo357.png,60.3,5.5,9.9,18.53,5.0,16.1,40.3,0.4,72.9,3.84,5.164,0.34,1.0,58.25,43.43,-1.7,29.13,14.56,39.77,7,0,1,0,0,0,1,0,0
imagens/train/ovo360.png,60.5,6.8,9.9,17.759,5.0,16.4,44.3,0.37,82.2,4.79,5.775,0.39,2.0,57.95,43.29,1.19,28.98,14.49,38.82,7,0,1,0,0,0,1,0,0
imagens/train/ovo361.png,62.2,5.9,10.3,18.267,5.0,18.0,43.0,0.419,75.3,3.75,6.528,0.42,2.0,57.87,44.09,1.67,28.94,14.47,38.48,7,0,1,0,0,0,1,0,0
imagens/train/ovo362.png,72.5,4.5,10.3,21.193,5.0,15.5,46.3,0.335,58.0,3.93,6.86,0.4,1.0,62.71,46.28,1.41,31.36,15.68,38.73,7,1,0,0,0,0,0,1,0
imagens/train/ovo363.png,60.7,5.5,10.3,17.69,6.0,14.8,41.0,0.361,72.7,4.32,6.02,0.38,2.0,59.08,43.14,0.49,29.54,14.77,36.99,7,0,1,0,0,0,1,0,0
imagens/train/ovo364.png,56.4,5.5,10.3,16.088,5.0,15.5,39.7,0.39,74.4,4.25,4.816,0.35,1.0,56.4,43.0,-0.67,28.2,14.1,37.3,7,0,1,0,0,0,1,0,0
imagens/train/ovo365.png,70.1,5.4,10.2,17.853,5.0,16.1,43.0,0.374,68.2,3.35,5.805,0.36,2.0,62.15,45.53,0.74,31.08,15.54,39.92,7,1,0,0,0,1,0,0,0
imagens/train/ovo366.png,76.5,6.1,10.3,19.71,6.0,17.6,45.3,0.389,71.9,5.16,7.394,0.39,1.0,61.42,47.68,3.78,30.71,15.36,42.73,7,1,0,0,0,1,0,0,0
imagens/train/ovo367.png,60.7,7.4,9.7,18.701,5.0,17.3,44.7,0.387,85.9,2.2,4.898,0.34,3.0,60.48,43.64,1.92,30.24,15.12,38.18,7,0,1,0,0,0,1,0,0
imagens/train/ovo368.png,62.7,5.3,10.2,19.474,5.0,15.5,47.0,0.33,70.2,4.32,6.047,0.38,1.0,56.91,44.71,1.55,28.46,14.23,38.57,7,0,1,0,0,1,0,0,0
imagens/train/ovo369.png,64.4,6.0,9.8,18.637,5.0,16.1,46.3,0.348,75.3,2.48,5.961,0.37,2.0,58.22,44.97,-1.04,29.11,14.56,39.19,7,0,1,0,0,0,1,0,0
imagens/train/ovo370.png,58.9,4.8,10.2,17.202,6.0,15.5,40.7,0.381,67.4,4.19,5.725,0.38,1.0,56.79,43.41,-0.48,28.4,14.2,38.73,7,0,1,0,0,1,0,0,0
imagens/train/ovo372.png,55.7,5.0,10.2,18.138,5.0,15.0,41.3,0.363,70.6,2.67,4.182,0.28,1.0,59.11,41.82,2.37,29.56,14.78,36.36,7,0,1,0,0,1,0,0,0
imagens/train/ovo373.png,60.2,4.8,9.9,17.196,5.0,15.9,42.0,0.379,66.8,4.45,5.827,0.39,2.0,57.37,44.07,0.0,28.69,14.34,36.01,7,0,1,0,0,1,0,0,0
imagens/train/ovo374.png,63.5,7.0,9.5,16.315,6.0,17.1,40.3,0.424,82.6,3.76,5.953,0.33,2.0,59.6,44.35,-1.12,29.8,14.9,39.64,7,0,1,0,0,0,1,0,0
imagens/train/ovo375.png,63.6,5.0,10.2,16.629,5.0,15.3,44.0,0.348,67.2,4.47,6.009,0.37,1.0,57.09,45.16,-0.94,28.55,14.27,40.2,7,0,1,0,0,1,0,0,0
imagens/train/ovo376.png,61.5,5.3,10.0,18.408,5.0,16.1,35.7,0.451,70.7,4.66,5.625,0.36,2.0,58.08,43.86,-0.74,29.04,14.52,38.16,7,0,1,0,0,1,0,0,0
imagens/train/ovo377.png,67.7,5.9,10.4,19.77,6.0,16.5,33.3,0.495,73.3,2.44,5.718,0.4,4.0,58.71,48.23,-0.9,29.36,14.68,40.87,7,1,0,0,0,0,1,0,0
imagens/train/ovo378.png,60.7,5.6,10.5,17.362,5.0,16.1,44.3,0.363,73.5,4.98,5.702,0.36,1.0,57.32,43.97,-0.61,28.66,14.33,37.26,7,0,1,0,0,0,1,0,0
imagens/train/ovo379.png,61.0,5.4,10.4,16.778,5.0,15.3,39.3,0.389,71.8,4.62,5.952,0.39,1.0,57.1,44.15,-0.61,28.55,14.28,38.61,7,0,1,0,0,1,0,0,0
imagens/train/ovo380.png,68.9,5.8,10.1,17.339,6.0,15.4,41.0,0.376,72.1,3.56,5.667,0.34,4.0,61.25,45.49,2.98,30.63,15.31,39.75,7,1,0,0,0,0,1,0,0
imagens/train/ovo381.png,58.1,7.6,8.4,18859.0,6.0,17.1,45.3,0.377,87.8,2.53,4.427,0.27,1.0,59.08,43.59,1.58,29.54,14.77,35.83,7,0,1,0,0,0,1,0,0
imagens/train/ovo382.png,62.5,6.3,9.9,18.159,5.0,15.8,46.7,0.338,78.2,4.64,6.057,0.39,2.0,59.46,43.4,-0.74,29.73,14.87,37.58,7,0,1,0,0,0,1,0,0
imagens/train/ovo383.png,66.7,5.4,9.7,16.613,5.0,16.0,43.7,0.366,69.5,2.65,5.117,0.33,2.0,58.91,45.72,-0.98,29.46,14.73,39.54,7,1,0,0,0,1,0,0,0
imagens/train/ovo384.png,64.7,5.3,10.4,21.132,6.0,15.9,46.0,0.346,69.4,3.42,6.057,0.38,2.0,58.03,45.4,-0.86,29.02,14.51,40.63,7,0,1,0,0,1,0,0,0
imagens/train/ovo385.png,67.1,4.5,10.3,20.674,5.0,15.9,46.7,0.34,60.6,3.32,5.11,0.32,2.0,62.86,44.68,-0.86,31.43,15.72,37.67,7,1,0,0,0,1,0,0,0
imagens/train/ovo386.png,63.2,5.4,10.3,18.871,5.0,15.1,47.7,0.317,70.9,3.91,5.709,0.37,1.0,60.7,43.1,-0.6,30.35,15.18,39.67,7,0,1,0,0,1,0,0,0
imagens/train/ovo387.png,70.6,6.6,10.0,20.376,4.0,16.9,44.7,0.378,77.7,1.05,5.76,0.34,1.0,59.92,46.79,-1.16,29.96,14.98,41.56,7,1,0,0,0,0,1,0,0
imagens/train/ovo388.png,72.7,6.4,9.9,18.801,5.0,16.6,46.0,0.361,75.6,3.02,5.04,0.35,2.0,58.96,47.68,-0.1,29.48,14.74,41.35,7,1,0,0,0,0,1,0,0
imagens/train/ovo389.png,68.8,6.9,9.8,17.175,5.0,17.4,40.3,0.432,80.4,4.29,5.864,0.35,2.0,59.41,46.07,0.92,29.71,14.85,40.96,7,1,0,0,0,0,1,0,0
imagens/train/ovo390.png,70.2,7.6,10.1,19.095,5.0,16.9,45.3,0.373,84.5,3.03,5.928,0.36,1.0,61.79,45.42,0.88,30.9,15.45,38.85,7,1,0,0,0,0,1,0,0
imagens/train/ovo391.png,55.4,5.9,10.4,16.336,5.0,14.8,40.7,0.364,77.8,2.89,5.398,0.41,2.0,57.63,42.06,-0.79,28.82,14.41,36.73,7,0,1,0,0,0,1,0,0
imagens/train/ovo392.png,61.4,8.3,9.8,17.195,5.0,17.8,44.0,0.405,90.9,2.87,4.991,0.33,2.0,57.41,44.59,1.57,28.71,14.35,39.48,7,0,1,0,0,0,1,0,0
imagens/train/ovo393.png,63.4,4.5,10.4,17.391,6.0,14.4,45.0,0.32,62.4,2.31,6.106,0.38,3.0,57.18,45.08,-0.89,28.59,14.3,40.03,7,0,1,0,0,1,0,0,0
imagens/train/ovo394.png,59.7,6.0,10.1,16.303,5.0,15.5,40.0,0.388,76.9,5.03,6.183,0.4,3.0,58.6,42.88,1.49,29.3,14.65,37.08,7,0,1,0,0,0,1,0,0
imagens/train/ovo395.png,59.2,3.9,10.3,17.32,6.0,15.0,44.0,0.341,58.0,4.65,5.711,0.38,3.0,55.91,44.0,-0.86,27.96,13.98,40.46,7,0,1,0,0,0,0,1,0
imagens/train/ovo396.png,60.4,6.5,9.6,17.377,5.0,17.3,43.7,0.396,80.3,2.99,5.291,0.35,2.0,58.92,44.08,1.24,29.46,14.73,40.08,7,0,1,0,0,0,1,0,0
imagens/train/ovo397.png,57.4,5.8,9.9,16.796,6.0,15.9,42.3,0.376,76.3,4.73,6.624,0.44,2.0,55.91,42.76,-1.15,27.96,13.98,37.91,7,0,1,0,0,0,1,0,0
imagens/train/ovo398.png,54.0,5.3,10.2,16.72,5.0,14.9,39.7,0.375,73.7,3.71,5.017,0.34,2.0,52.29,43.32,-1.04,26.15,13.07,38.29,7,0,0,1,0,0,1,0,0
imagens/train/ovo399.png,73.0,6.6,10.2,20.526,5.0,17.6,44.3,0.397,77.0,3.04,5.778,0.35,3.0,62.42,46.45,1.2,31.21,15.61,41.06,7,1,0,0,0,0,1,0,0
imagens/train/ovo400.png,65.8,5.6,10.4,17.364,5.0,16.1,44.0,0.366,71.6,4.11,3.337,0.38,3.0,63.02,43.4,1.07,31.51,15.76,38.53,7,1,0,0,0,1,0,0,0
imagens/train/ovo401.png,60.5,6.9,8.4,17.871,6.0,15.9,48.3,0.329,82.9,2.67,4.382,0.31,1.0,59.5,43.58,1.2,29.75,14.88,38.45,14,0,1,0,0,0,1,0,0
imagens/train/ovo402.png,63.1,5.3,8.7,18.624,6.0,14.4,45.0,0.32,70.1,3.3,5.908,0.37,1.0,57.1,45.16,0.88,28.55,14.28,40.57,14,0,1,0,0,1,0,0,0
imagens/train/ovo403.png,66.1,3.0,9.6,17.725,5.0,14.1,47.0,0.3,41.2,3.69,6.017,0.37,3.0,60.22,45.14,0.97,30.11,15.06,37.63,14,1,0,0,0,0,0,1,0
imagens/train/ovo404.png,55.2,5.3,9.7,15.622,5.0,14.4,44.0,0.327,73.3,3.76,5.513,0.38,2.0,54.89,42.8,-1.03,27.45,13.72,36.56,14,0,1,0,0,0,1,0,0
imagens/train/ovo405.png,59.1,3.9,9.8,19.72,6.0,14.4,46.7,0.308,58.1,2.7,5.681,0.33,1.0,55.76,44.08,-0.73,27.88,13.94,37.38,14,0,1,0,0,0,0,1,0
imagens/train/ovo406.png,57.9,6.0,9.9,17.735,5.0,15.5,44.3,0.35,77.6,4.31,5.689,0.37,2.0,56.88,43.79,-1.94,28.44,14.22,37.57,14,0,1,0,0,0,1,0,0
imagens/train/ovo408.png,61.8,3.8,10.1,17.452,5.0,13.4,43.7,0.307,55.4,4.27,5.902,0.37,1.0,57.93,44.42,0.0,28.97,14.48,38.6,14,0,1,0,0,0,0,1,0
imagens/train/ovo409.png,56.4,4.1,10.1,15.933,6.0,13.4,44.3,0.302,61.7,5.62,5.919,0.39,3.0,57.87,42.84,0.8,28.94,14.47,35.37,14,0,1,0,0,1,0,0,0
imagens/train/ovo416.png,56.0,5.4,10.2,15.26,6.0,14.4,44.3,0.325,73.7,4.55,5.651,0.39,1.0,55.52,43.05,0.69,27.76,13.88,37.8,14,0,1,0,0,0,1,0,0
imagens/train/ovo417.png,61.1,4.1,10.3,14.999,5.0,13.6,46.0,0.296,59.3,2.8,4.965,0.32,4.0,59.52,43.44,1.08,29.76,14.88,37.57,14,0,1,0,0,0,0,1,0
imagens/train/ovo418.png,51.7,4.1,10.2,18.482,5.0,14.8,45.7,0.324,64.2,3.51,4.926,0.34,1.0,54.89,41.83,-1.21,27.45,13.72,37.68,14,0,0,1,0,1,0,0,0
imagens/train/ovo419.png,62.1,4.5,10.3,15.0,6.0,15.6,44.3,0.352,63.0,3.57,6.298,0.41,2.0,58.88,43.37,0.0,29.44,14.72,39.57,14,0,1,0,0,1,0,0,0
imagens/train/ovo420.png,55.1,4.1,10.5,15.796,5.0,13.9,43.3,0.321,62.4,3.56,5.028,0.34,2.0,57.13,41.93,-0.63,28.57,14.28,37.58,14,0,1,0,0,1,0,0,0
imagens/train/ovo421.png,66.4,5.1,10.5,14.794,5.0,14.6,41.7,0.35,66.9,4.11,5.036,0.34,3.0,62.35,45.17,0.62,31.18,15.59,38.14,14,1,0,0,0,1,0,0,0
imagens/train/ovo422.png,63.9,4.3,10.5,20.92,5.0,13.0,51.3,0.253,60.0,4.19,5.819,0.39,3.0,60.95,44.74,0.6,30.48,15.24,37.93,14,0,1,0,0,1,0,0,0
imagens/train/ovo423.png,64.4,5.5,10.2,17.346,6.0,17.4,48.7,0.357,71.3,3.57,5.842,0.37,2.0,58.63,45.39,0.19,29.32,14.66,40.89,14,0,1,0,0,1,0,0,0
imagens/train/ovo424.png,67.9,3.1,10.1,15.17,5.0,13.6,44.7,0.304,41.6,3.56,6.201,0.37,2.0,59.88,45.45,-0.98,29.94,14.97,39.13,14,1,0,0,0,0,0,1,0
imagens/train/ovo425.png,48.1,4.8,10.2,17.92,5.0,14.6,47.0,0.311,72.2,2.63,3.895,0.29,1.0,55.56,40.3,1.86,27.78,13.89,35.58,14,0,0,1,0,0,1,0,0
imagens/train/ovo426.png,55.0,4.1,10.3,20.643,5.0,12.1,47.3,0.256,62.4,1.71,4.749,0.33,2.0,56.74,44.2,0.0,28.37,14.19,36.99,14,0,1,0,0,1,0,0,0
imagens/train/ovo428.png,59.1,4.1,10.6,17.993,5.0,8.5,39.7,0.214,60.3,4.82,6.311,0.41,2.0,55.15,44.21,-1.41,27.58,13.79,38.12,14,0,1,0,0,1,0,0,0
imagens/train/ovo429.png,63.6,4.1,10.5,20.681,5.0,14.3,47.3,0.302,58.0,3.6,6.463,0.4,3.0,59.15,44.57,0.64,29.58,14.79,39.05,14,0,1,0,0,0,0,1,0
imagens/train/ovo431.png,67.7,3.6,10.5,20.881,5.0,14.5,48.7,0.298,49.3,3.61,6.518,0.4,1.0,60.08,45.67,-1.14,30.04,15.02,39.51,14,1,0,0,0,0,0,1,0
imagens/train/ovo432.png,78.9,4.6,10.5,17.553,5.0,14.5,46.0,0.315,56.1,3.4,6.788,0.36,2.0,67.91,46.28,0.73,33.96,16.98,39.75,14,1,0,0,0,0,0,1,0
imagens/train/ovo433.png,54.1,3.5,10.4,17.178,5.0,13.1,45.3,0.289,56.3,3.83,5.473,0.38,1.0,54.98,42.46,0.0,27.49,13.75,36.08,14,0,0,1,0,0,0,1,0
imagens/train/ovo434.png,61.9,4.3,10.5,19.238,5.0,14.4,49.0,0.294,61.0,3.1,5.525,0.34,2.0,59.06,43.69,0.84,29.53,14.77,37.95,14,0,1,0,0,1,0,0,0
imagens/train/ovo435.png,58.4,3.1,10.3,16.217,5.0,12.6,45.0,0.28,48.3,5.63,5.96,0.41,1.0,55.78,43.63,0.68,27.89,13.95,38.43,14,0,1,0,0,0,0,1,0
imagens/train/ovo436.png,62.6,4.1,10.3,17.592,5.0,14.6,45.3,0.322,58.5,4.07,6.013,0.41,2.0,56.58,44.85,0.94,28.29,14.15,39.16,14,0,1,0,0,0,0,1,0
imagens/train/ovo438.png,72.6,5.1,10.6,22.856,5.0,15.5,48.3,0.321,64.4,3.47,6.455,0.37,1.0,60.31,47.15,0.0,30.16,15.08,41.09,14,1,0,0,0,1,0,0,0
imagens/train/ovo439.png,66.8,3.5,10.5,18.756,5.0,13.8,45.0,0.307,48.5,4.23,6.21,0.37,2.0,61.35,44.47,0.0,30.68,15.34,39.42,14,1,0,0,0,0,0,1,0
imagens/train/ovo440.png,61.6,3.9,10.2,18.208,5.0,14.0,47.0,0.298,56.7,2.73,5.888,0.35,1.0,56.54,45.33,-1.02,28.27,14.14,40.89,14,0,1,0,0,0,0,1,0
imagens/train/ovo441.png,72.9,5.1,10.2,18.597,6.0,14.8,45.0,0.329,64.2,3.69,6.622,0.39,1.0,58.81,47.12,0.7,29.41,14.7,42.64,14,1,0,0,0,1,0,0,0
imagens/train/ovo442.png,69.8,3.6,10.2,18.716,5.0,15.0,47.3,0.317,48.0,4.29,6.425,0.38,2.0,59.84,46.65,-2.02,29.92,14.96,41.59,14,1,0,0,0,0,0,1,0
imagens/train/ovo443.png,64.1,4.5,10.3,17.271,5.0,15.9,45.0,0.353,62.1,2.99,5.502,0.34,3.0,59.37,45.59,0.0,29.69,14.84,38.59,14,0,1,0,0,1,0,0,0
imagens/train/ovo444.png,62.6,3.1,10.3,18.121,6.0,13.5,45.3,0.298,45.4,5.01,6.565,0.42,1.0,57.64,44.85,0.0,28.82,14.41,39.12,14,0,1,0,0,0,0,1,0
imagens/train/ovo445.png,62.5,4.8,10.0,17.036,6.0,13.3,44.7,0.298,65.8,4.39,6.005,0.39,1.0,60.9,43.08,-1.77,30.45,15.23,39.14,14,0,1,0,0,1,0,0,0
imagens/train/ovo446.png,63.4,5.8,10.0,18.26,4.0,16.1,46.3,0.348,74.1,1.62,4.536,0.3,1.0,57.76,45.5,0.0,28.88,14.44,39.34,14,0,1,0,0,0,1,0,0
imagens/train/ovo447.png,60.2,4.9,10.2,17.468,6.0,14.0,43.3,0.323,67.7,5.26,6.183,0.41,1.0,59.4,42.56,0.87,29.7,14.85,38.06,14,0,1,0,0,1,0,0,0
imagens/train/ovo449.png,63.8,3.6,9.9,17.082,5.0,15.0,44.3,0.339,51.7,5.03,7.032,0.45,1.0,57.44,45.11,3.77,28.72,14.36,39.73,14,0,1,0,0,0,0,1,0
imagens/train/ovo450.png,58.1,6.9,10.3,17.732,6.0,17.3,43.3,0.4,83.6,3.01,5.66,0.36,3.0,59.15,45.21,-1.33,29.58,14.79,37.87,14,0,1,0,0,0,1,0,0
imagens/train/ovo451.png,66.9,4.0,10.3,17.069,5.0,13.1,44.0,0.298,55.0,3.82,5.639,0.37,2.0,61.68,44.8,0.83,30.84,15.42,38.53,14,1,0,0,0,0,0,1,0
imagens/train/ovo452.png,61.8,4.3,10.4,17.32,5.0,13.1,44.7,0.293,61.1,4.67,5.509,0.38,2.0,57.02,45.23,1.83,28.51,14.26,37.74,14,0,1,0,0,1,0,0,0
imagens/train/ovo454.png,70.5,6.1,9.9,18.895,5.0,17.5,45.3,0.386,74.0,4.05,5.874,0.35,3.0,60.7,46.71,0.84,30.35,15.18,41.71,14,1,0,0,0,0,1,0,0
imagens/train/ovo455.png,54.7,5.9,9.9,16.716,6.0,14.5,44.7,0.324,78.0,4.87,5.149,0.37,1.0,56.3,42.34,0.97,28.15,14.08,35.5,14,0,0,1,0,0,1,0,0
imagens/train/ovo456.png,54.3,4.3,9.8,16.96,6.0,13.8,47.3,0.292,64.8,3.99,4.938,0.34,2.0,56.97,41.97,1.19,28.49,14.24,36.57,14,0,0,1,0,1,0,0,0
imagens/train/ovo457.png,64.7,5.1,9.8,16.881,5.0,15.8,43.3,0.365,67.6,2.39,5.043,0.33,3.0,59.58,45.57,2.66,29.79,14.9,39.77,14,0,1,0,0,1,0,0,0
imagens/train/ovo458.png,66.4,5.0,10.2,20.34,5.0,18.4,44.7,0.412,66.0,3.3,5.874,0.37,4.0,59.23,46.28,-0.64,29.62,14.81,39.87,14,1,0,0,0,1,0,0,0
imagens/train/ovo459.png,61.2,4.3,10.4,17.236,5.0,14.3,46.3,0.309,61.4,4.44,6.552,0.44,3.0,57.67,43.77,2.14,28.84,14.42,39.81,14,0,1,0,0,1,0,0,0
imagens/train/ovo460.png,70.6,5.5,10.5,20.376,5.0,14.8,47.0,0.315,68.9,3.97,6.223,0.38,3.0,59.9,46.63,0.8,29.95,14.98,40.02,14,1,0,0,0,1,0,0,0
imagens/train/ovo461.png,64.1,4.3,10.3,17.546,5.0,14.0,45.0,0.311,59.9,3.19,4.38,0.33,2.0,58.38,45.73,-1.41,29.19,14.6,38.75,14,0,1,0,0,0,0,1,0
imagens/train/ovo462.png,58.5,3.6,10.6,16.543,6.0,13.6,43.7,0.311,54.9,5.07,5.683,0.38,2.0,57.7,43.57,0.96,28.85,14.43,37.26,14,0,1,0,0,0,0,1,0
imagens/train/ovo463.png,65.6,3.0,10.7,17.763,5.0,13.0,44.7,0.291,41.6,4.29,6.509,0.39,2.0,58.41,45.39,1.22,29.21,14.6,39.0,14,1,0,0,0,0,0,1,0
imagens/train/ovo465.png,66.4,3.1,10.6,19.605,6.0,13.9,46.0,0.302,42.7,2.72,6.235,0.37,1.0,61.97,44.2,2.67,30.99,15.49,39.54,14,1,0,0,0,0,0,1,0
imagens/train/ovo466.png,71.1,3.0,10.7,18.641,6.0,13.8,44.7,0.309,37.4,3.75,6.248,0.36,2.0,61.08,46.24,0.62,30.54,15.27,40.7,14,1,0,0,0,0,0,1,0
imagens/train/ovo467.png,61.0,3.8,10.7,18.869,6.0,13.6,46.0,0.296,55.9,4.45,5.917,0.39,1.0,56.4,44.43,2.14,28.2,14.1,38.25,14,0,1,0,0,0,0,1,0
imagens/train/ovo468.png,65.0,4.6,10.7,15.923,5.0,13.8,45.7,0.302,62.7,5.42,6.614,0.43,2.0,57.22,45.85,1.85,28.61,14.31,38.52,14,1,0,0,0,1,0,0,0
imagens/train/ovo469.png,60.8,4.6,10.7,17.287,5.0,14.8,45.0,0.329,64.6,4.0,6.234,0.39,1.0,60.42,42.74,0.59,30.21,15.11,36.33,14,0,1,0,0,1,0,0,0
imagens/train/ovo470.png,57.0,3.4,10.5,18.43,5.0,13.8,44.0,0.314,53.3,3.3,5.066,0.35,1.0,57.19,42.82,0.98,28.6,14.3,39.16,14,0,1,0,0,0,0,1,0
imagens/train/ovo471.png,72.1,4.9,10.2,17.866,5.0,15.0,44.3,0.339,62.6,4.26,6.238,0.36,1.0,59.29,47.34,0.0,29.65,14.82,40.71,14,1,0,0,0,1,0,0,0
imagens/train/ovo472.png,59.5,4.8,9.9,16.006,5.0,15.6,46.0,0.339,67.1,1.71,4.961,0.32,3.0,60.29,43.86,0.0,30.15,15.07,37.22,14,0,1,0,0,1,0,0,0
imagens/train/ovo473.png,61.5,5.0,10.1,17.502,6.0,15.6,44.7,0.349,68.1,3.9,5.451,0.34,2.0,60.48,42.93,0.79,30.24,15.12,38.19,14,0,1,0,0,1,0,0,0
imagens/train/ovo474.png,60.4,4.4,10.1,17.15,5.0,14.6,43.3,0.337,62.8,3.42,5.709,0.39,4.0,58.55,43.52,-0.61,29.28,14.64,40.62,14,0,1,0,0,1,0,0,0
imagens/train/ovo475.png,64.7,4.4,10.4,19.948,6.0,15.5,47.0,0.33,60.7,3.91,5.851,0.37,1.0,57.2,45.82,-1.1,28.6,14.3,39.72,14,0,1,0,0,1,0,0,0
imagens/train/ovo476.png,65.5,4.9,10.1,17.015,6.0,15.4,44.3,0.348,65.4,2.92,6.006,0.35,2.0,60.18,45.44,4.89,30.09,15.05,38.69,14,1,0,0,0,1,0,0,0
imagens/train/ovo477.png,57.3,5.1,10.2,16.75,4.0,15.9,44.0,0.361,70.7,4.63,5.468,0.4,2.0,57.5,42.71,1.13,28.75,14.38,37.51,14,0,1,0,0,1,0,0,0
imagens/train/ovo478.png,60.3,6.6,9.9,17.932,6.0,17.0,44.3,0.384,81.0,2.9,6.793,0.36,2.0,57.98,45.41,0.0,28.99,14.5,41.72,14,0,1,0,0,0,1,0,0
imagens/train/ovo479.png,73.7,5.0,10.1,20.163,5.0,16.8,46.3,0.363,62.9,3.33,6.204,0.41,3.0,62.16,47.24,0.0,31.08,15.54,39.17,14,1,0,0,0,1,0,0,0
imagens/train/ovo481.png,73.4,5.0,10.5,19.457,5.0,16.3,46.3,0.352,63.0,3.76,5.501,0.37,2.0,61.77,47.86,1.36,30.89,15.44,41.43,14,1,0,0,0,1,0,0,0
imagens/train/ovo482.png,61.8,4.8,10.5,18.737,6.0,16.6,45.3,0.366,66.1,3.9,6.358,0.38,1.0,59.13,44.17,-1.07,29.57,14.78,37.0,14,0,1,0,0,1,0,0,0
imagens/train/ovo483.png,61.5,4.6,10.4,17.281,5.0,14.8,46.0,0.322,64.3,4.36,6.274,0.41,1.0,58.59,43.45,-0.78,29.3,14.65,39.69,14,0,1,0,0,1,0,0,0
imagens/train/ovo484.png,67.5,5.1,10.2,16.805,5.0,14.9,45.3,0.329,66.5,4.62,5.269,0.36,1.0,59.66,45.73,-0.87,29.83,14.92,39.88,14,1,0,0,0,1,0,0,0
imagens/train/ovo485.png,59.8,4.4,10.4,17.284,6.0,15.4,42.3,0.364,63.1,5.1,5.945,0.37,1.0,57.07,44.05,2.23,28.54,14.27,36.87,14,0,1,0,0,1,0,0,0
imagens/train/ovo486.png,63.2,3.9,10.6,19.422,6.0,16.1,45.0,0.358,55.8,5.09,6.382,0.36,2.0,58.1,44.51,-1.56,29.05,14.53,38.39,14,0,1,0,0,0,0,1,0
imagens/train/ovo487.png,64.9,5.0,10.6,18.647,6.0,15.8,45.0,0.351,66.6,5.12,6.097,0.37,2.0,59.62,44.19,0.0,29.81,14.91,38.32,14,0,1,0,0,1,0,0,0
imagens/train/ovo488.png,61.2,3.5,10.6,16.137,6.0,13.4,43.0,0.312,52.0,4.05,6.227,0.4,2.0,57.13,44.44,0.84,28.57,14.28,38.29,14,0,1,0,0,0,0,1,0
imagens/train/ovo489.png,62.1,4.3,10.5,18.877,5.0,14.1,48.3,0.292,60.9,4.18,6.23,0.38,1.0,60.35,43.51,0.0,30.18,15.09,35.37,14,0,1,0,0,1,0,0,0
imagens/train/ovo490.png,67.1,4.8,10.4,20.009,5.0,18.5,46.7,0.396,63.7,1.72,5.778,0.35,4.0,62.33,45.86,0.62,31.17,15.58,41.67,14,1,0,0,0,1,0,0,0
imagens/train/ovo491.png,60.0,3.8,10.6,17.375,5.0,13.5,46.0,0.293,56.4,3.06,5.772,0.37,2.0,58.31,43.6,1.23,29.16,14.58,38.45,14,0,1,0,0,0,0,1,0
imagens/train/ovo492.png,60.2,4.3,10.6,16.867,6.0,15.3,43.3,0.353,61.9,2.93,6.165,0.4,2.0,58.18,43.63,0.0,29.09,14.55,39.15,14,0,1,0,0,1,0,0,0
imagens/train/ovo493.png,56.5,4.3,10.4,16.695,5.0,15.3,43.3,0.353,63.7,2.98,5.581,0.42,2.0,58.47,42.12,3.77,29.24,14.62,36.1,14,0,1,0,0,1,0,0,0
imagens/train/ovo494.png,57.3,3.8,10.4,17.314,5.0,17.1,45.3,0.377,57.9,2.92,5.446,0.35,2.0,55.9,44.03,1.79,27.95,13.98,38.64,14,0,1,0,0,0,0,1,0
imagens/train/ovo495.png,54.9,4.8,10.3,15.749,6.0,14.3,42.7,0.335,69.2,4.47,5.393,0.36,3.0,54.97,42.8,2.1,27.49,13.74,36.18,14,0,0,1,0,1,0,0,0
imagens/train/ovo496.png,58.5,4.5,10.4,18.622,6.0,15.3,47.3,0.323,64.7,2.69,5.821,0.36,2.0,57.4,44.15,1.39,28.7,14.35,38.19,14,0,1,0,0,1,0,0,0
imagens/train/ovo497.png,58.8,4.3,10.6,17.325,5.0,13.5,46.0,0.293,62.6,4.34,5.853,0.37,3.0,55.48,43.48,-0.97,27.74,13.87,38.6,14,0,1,0,0,1,0,0,0
imagens/train/ovo498.png,62.1,5.1,10.6,17.383,5.0,15.8,46.7,0.338,68.7,4.24,5.449,0.39,1.0,58.28,44.42,1.7,29.14,14.57,36.29,14,0,1,0,0,1,0,0,0
imagens/train/ovo499.png,63.1,5.0,10.6,17.302,5.0,15.4,44.0,0.35,67.4,1.61,5.908,0.36,3.0,58.59,44.74,1.91,29.3,14.65,36.33,14,0,1,0,0,1,0,0,0
imagens/train/ovo501.png,69.7,2.8,10.6,16.295,5.0,12.9,45.7,0.282,34.7,2.8,6.33,0.36,2.0,63.34,45.19,1.69,31.67,15.84,37.91,14,1,0,0,0,0,0,1,0
imagens/train/ovo502.png,58.6,4.1,10.5,18.361,6.0,15.1,46.7,0.323,60.6,4.43,5.36,0.36,2.0,56.78,43.45,2.39,28.39,14.2,37.0,14,0,1,0,0,1,0,0,0
imagens/train/ovo503.png,63.4,3.6,10.4,17.812,5.0,14.1,45.0,0.313,51.9,5.16,6.271,0.4,2.0,58.2,44.82,-0.62,29.1,14.55,38.32,14,0,1,0,0,0,0,1,0
imagens/train/ovo504.png,65.3,4.1,10.1,21.6,6.0,13.6,49.3,0.276,57.1,3.89,6.086,0.38,1.0,61.1,44.53,1.76,22.27,15.28,38.52,14,1,0,0,0,0,0,1,0
imagens/train/ovo505.png,65.0,3.0,10.4,15.926,6.0,12.8,47.3,0.271,42.1,4.07,6.532,0.42,3.0,58.2,45.25,0.55,29.1,14.55,38.95,14,1,0,0,0,0,0,1,0
imagens/train/ovo506.png,65.5,3.4,10.6,17.861,5.0,13.6,45.0,0.302,47.9,4.21,5.817,0.36,2.0,57.53,45.33,-0.78,28.77,14.38,40.39,14,1,0,0,0,0,0,1,0
imagens/train/ovo507.png,64.3,3.5,10.7,17.463,6.0,13.4,45.7,0.293,50.1,3.64,6.067,0.39,2.0,56.62,45.95,-2.0,28.31,14.16,39.12,14,0,1,0,0,0,0,1,0
imagens/train/ovo508.png,60.6,3.1,10.7,19.739,6.0,12.6,48.7,0.259,46.8,3.68,5.557,0.38,2.0,57.85,43.7,1.55,28.93,14.46,37.64,14,0,1,0,0,0,0,1,0
imagens/train/ovo509.png,62.4,4.3,10.6,17.493,6.0,14.3,44.3,0.323,60.8,4.76,6.155,0.39,2.0,60.31,44.34,-1.05,30.16,15.08,37.38,14,0,1,0,0,1,0,0,0
imagens/train/ovo510.png,62.8,4.0,10.7,18.714,6.0,15.0,46.7,0.321,57.2,3.63,5.537,0.37,2.0,59.46,44.21,-0.52,29.73,14.87,40.68,14,0,1,0,0,0,0,1,0
imagens/train/ovo511.png,60.8,3.4,10.3,17.166,5.0,13.1,46.3,0.283,50.9,2.09,5.219,0.34,3.0,60.05,43.42,1.23,30.03,15.01,38.89,14,0,1,0,0,0,0,1,0
imagens/train/ovo512.png,70.0,4.3,10.4,20.558,6.0,15.5,47.0,0.33,57.0,4.82,6.762,0.4,2.0,59.34,46.9,1.91,29.67,14.84,41.2,14,1,0,0,0,0,0,1,0
imagens/train/ovo513.png,56.4,5.0,10.4,15.725,5.0,16.4,42.7,0.384,70.3,2.98,5.125,0.35,2.0,56.49,46.42,-0.42,28.25,14.12,37.49,14,0,1,0,0,1,0,0,0
imagens/train/ovo514.png,73.6,5.1,10.4,18.012,6.0,15.8,43.3,0.365,63.9,2.22,6.573,0.37,3.0,60.78,47.33,0.0,30.39,15.2,40.86,14,1,0,0,0,1,0,0,0
imagens/train/ovo515.png,66.9,3.8,10.6,18.573,5.0,14.4,46.3,0.311,52.5,2.66,5.721,0.35,4.0,60.38,45.26,-0.6,30.19,15.1,38.25,14,1,0,0,0,0,0,1,0
imagens/train/ovo516.png,60.6,3.8,10.4,19.136,5.0,14.9,46.3,0.322,56.1,5.1,6.121,0.4,2.0,57.52,43.6,0.98,28.76,14.38,37.08,14,0,1,0,0,0,0,1,0
imagens/train/ovo517.png,55.6,3.3,9.9,16.105,6.0,16.3,43.7,0.373,52.9,1.3,4.778,0.31,2.0,60.95,40.84,-1.02,30.48,15.24,36.97,14,0,1,0,0,0,0,1,0
imagens/train/ovo518.png,64.2,6.4,10.3,17.3,5.0,16.6,45.0,0.369,78.3,3.52,5.599,0.34,1.0,60.4,44.51,1.27,30.2,15.1,38.03,14,0,1,0,0,0,1,0,0
imagens/train/ovo519.png,66.1,4.0,10.4,25.075,5.0,13.6,49.0,0.278,55.4,4.35,6.256,0.38,2.0,61.84,44.31,1.39,30.92,15.46,39.08,14,1,0,0,0,0,0,1,0
imagens/train/ovo520.png,59.7,3.6,10.3,18.43,5.0,14.8,46.3,0.32,54.2,4.16,6.028,0.385,1.0,59.06,43.17,-0.64,29.53,14.77,37.5,14,0,1,0,0,0,0,1,0
imagens/train/ovo521.png,61.0,6.1,10.3,19.81,5.0,17.1,44.7,0.383,77.2,4.61,5.826,0.39,3.0,58.33,43.69,0.72,29.17,14.58,37.57,14,0,1,0,0,0,1,0,0
imagens/train/ovo522.png,68.7,2.9,10.5,18.617,5.0,14.0,45.3,0.309,37.5,4.24,5.856,0.36,3.0,59.18,46.4,5.15,29.59,14.8,39.78,14,1,0,0,0,0,0,1,0
imagens/train/ovo523.png,58.7,5.4,10.5,17.628,5.0,16.3,44.7,0.365,72.7,4.45,5.881,0.41,2.0,57.54,42.89,0.0,28.77,14.39,37.67,14,0,1,0,0,0,1,0,0
imagens/train/ovo524.png,61.0,4.8,10.6,18.078,5.0,15.0,44.7,0.336,66.5,4.79,6.52,0.43,3.0,58.67,44.21,0.99,29.34,14.67,38.52,14,0,1,0,0,1,0,0,0
imagens/train/ovo525.png,60.8,5.6,10.4,18.327,5.0,14.3,48.3,0.296,73.5,5.58,6.095,0.4,2.0,57.46,44.17,1.24,28.73,14.37,37.04,14,0,1,0,0,0,1,0,0
imagens/train/ovo526.png,58.4,6.0,10.3,17.801,5.0,16.4,45.0,0.364,77.4,3.92,5.962,0.37,1.0,59.42,43.0,0.74,29.71,14.86,37.67,14,0,1,0,0,0,1,0,0
imagens/train/ovo527.png,63.2,4.6,10.5,16.04,5.0,15.1,43.3,0.349,63.5,3.56,6.053,0.39,3.0,59.06,44.35,1.96,29.53,14.77,38.81,14,0,1,0,0,1,0,0,0
imagens/train/ovo528.png,69.7,4.0,10.7,18.728,6.0,14.1,46.3,0.305,53.5,3.38,6.519,0.41,2.0,58.49,46.86,-1.02,29.25,14.62,39.96,14,1,0,0,0,0,0,1,0
imagens/train/ovo529.png,54.7,3.8,10.4,17.581,6.0,13.9,44.3,0.314,59.4,4.39,5.356,0.37,2.0,55.8,42.2,0.92,27.9,13.95,37.5,14,0,0,1,0,0,0,1,0
imagens/train/ovo530.png,61.3,5.5,10.6,17.36,6.0,16.8,45.7,0.368,72.5,0.73,4.426,0.32,2.0,60.76,44.44,1.17,30.38,15.19,39.33,14,0,1,0,0,0,1,0,0
imagens/train/ovo531.png,58.9,6.0,10.4,15.347,5.0,15.6,43.3,0.36,77.2,3.02,5.52,0.35,3.0,54.85,44.95,0.74,27.43,13.71,40.07,14,0,1,0,0,0,1,0,0
imagens/train/ovo532.png,60.4,5.1,10.5,15.482,6.0,14.3,43.3,0.33,69.4,4.47,6.661,0.41,1.0,58.35,43.71,-0.85,29.18,14.59,38.09,14,0,1,0,0,1,0,0,0
imagens/train/ovo533.png,57.9,3.5,10.5,17.746,5.0,14.4,46.3,0.311,54.0,4.03,5.096,0.34,2.0,53.8,44.33,2.42,26.9,13.45,38.54,14,0,1,0,0,0,0,1,0
imagens/train/ovo534.png,66.7,3.8,10.5,18.004,5.0,15.3,47.0,0.326,52.6,2.76,5.783,0.33,2.0,59.73,45.42,0.78,29.87,14.93,40.72,14,1,0,0,0,0,0,1,0
imagens/train/ovo535.png,62.2,4.1,10.4,16.583,6.0,14.5,43.7,0.332,58.7,3.39,5.8,0.37,2.0,58.35,43.9,-0.53,29.18,14.59,39.02,14,0,1,0,0,0,0,1,0
imagens/train/ovo536.png,62.9,5.1,10.3,19.143,6.0,17.8,49.3,0.361,68.4,3.04,5.204,0.33,3.0,58.67,45.17,1.04,29.34,14.67,39.49,14,0,1,0,0,1,0,0,0
imagens/train/ovo537.png,62.7,4.9,10.5,14.858,5.0,14.1,45.0,0.313,66.6,3.15,6.215,0.42,3.0,56.04,45.82,-0.6,28.02,14.01,39.61,14,0,1,0,0,1,0,0,0
imagens/train/ovo538.png,66.1,4.6,10.6,18.57,5.0,14.9,47.3,0.315,62.2,3.91,6.414,0.39,3.0,58.34,45.74,0.93,29.17,14.59,39.7,14,1,0,0,0,1,0,0,0
imagens/train/ovo539.png,64.1,5.1,10.7,19.376,5.0,15.9,47.0,0.338,67.9,2.92,5.98,0.36,2.0,60.44,44.21,2.54,30.22,15.11,39.53,14,0,1,0,0,1,0,0,0
imagens/train/ovo540.png,61.3,5.3,10.2,18.501,5.0,15.3,46.0,0.333,70.8,2.17,6.212,0.43,2.0,56.11,44.91,1.19,28.06,14.03,40.42,14,0,1,0,0,1,0,0,0
imagens/train/ovo541.png,54.8,4.5,10.3,15.646,5.0,13.1,44.3,0.296,66.5,3.3,5.749,0.43,3.0,55.46,42.48,1.04,27.73,13.87,37.13,14,0,0,1,0,1,0,0,0
imagens/train/ovo542.png,50.4,4.1,10.2,13.41,5.0,13.5,40.3,0.335,64.8,4.53,5.339,0.38,1.0,53.91,41.47,0.0,26.96,13.48,33.99,14,0,0,1,0,1,0,0,0
imagens/train/ovo544.png,56.0,4.5,10.5,14.784,5.0,14.4,43.0,0.335,65.9,4.36,5.648,0.36,2.0,56.74,42.44,0.0,28.37,14.19,36.7,14,0,1,0,0,1,0,0,0
imagens/train/ovo545.png,54.8,4.9,10.5,16.562,5.0,12.9,44.0,0.293,70.1,1.52,5.283,0.34,1.0,57.28,42.78,0.48,28.64,14.32,36.87,14,0,0,1,0,1,0,0,0
imagens/train/ovo546.png,65.0,5.9,10.5,17.14,5.0,15.6,44.3,0.352,74.3,2.95,5.924,0.38,2.0,59.54,44.83,0.6,29.77,14.89,38.12,14,1,0,0,0,0,1,0,0
imagens/train/ovo547.png,62.3,3.6,10.3,19.132,6.0,13.1,47.0,0.279,52.6,3.96,6.295,0.41,1.0,56.65,45.4,-1.87,28.33,14.16,37.81,14,0,1,0,0,0,0,1,0
imagens/train/ovo548.png,59.5,6.1,10.2,17.994,5.0,14.0,48.0,0.292,77.7,4.12,5.841,0.39,3.0,56.55,43.93,1.52,28.28,14.14,38.43,14,0,1,0,0,0,1,0,0
imagens/train/ovo549.png,68.9,3.8,10.2,22.057,5.0,9.4,44.0,0.214,51.3,4.07,5.443,0.37,2.0,61.43,45.22,-1.47,30.72,15.36,39.29,14,1,0,0,0,0,0,1,0
imagens/train/ovo550.png,62.8,5.4,10.2,20.798,5.0,12.1,47.7,0.254,71.1,4.08,5.413,0.34,2.0,58.55,44.43,1.67,29.28,14.64,39.9,14,0,1,0,0,1,0,0,0
imagens/train/ovo551.png,58.7,3.4,10.4,15.002,6.0,12.3,43.3,0.284,52.2,4.86,6.091,0.38,3.0,57.6,43.37,0.0,28.8,14.4,38.38,14,0,1,0,0,0,0,1,0
imagens/train/ovo552.png,63.0,4.5,10.5,18.813,6.0,16.5,46.3,0.356,62.6,2.15,4.462,0.32,1.0,60.29,44.28,-1.42,30.15,15.07,38.67,14,0,1,0,0,1,0,0,0
imagens/train/ovo553.png,70.8,4.5,10.3,21.437,6.0,15.6,47.7,0.327,58.9,5.7,7.069,0.43,2.0,60.48,46.63,0.0,30.24,15.12,42.06,14,1,0,0,0,0,0,1,0
imagens/train/ovo554.png,63.9,3.9,10.5,17.179,5.0,14.8,44.7,0.331,55.4,3.74,5.571,0.34,2.0,59.47,44.47,-0.63,29.74,14.87,37.33,14,0,1,0,0,0,0,1,0
imagens/train/ovo556.png,65.9,2.9,10.6,19.637,6.0,12.6,48.0,0.263,39.7,1.34,5.546,0.33,2.0,58.91,46.81,0.72,29.46,14.73,38.4,14,1,0,0,0,0,0,1,0
imagens/train/ovo557.png,59.4,4.8,10.7,17.051,5.0,15.6,44.0,0.355,67.2,4.64,6.901,0.38,3.0,58.27,43.51,0.0,29.14,14.57,36.49,14,0,1,0,0,1,0,0,0
imagens/train/ovo558.png,63.0,4.5,10.6,18.538,6.0,16.3,44.3,0.368,62.6,3.75,5.567,0.36,2.0,59.1,44.43,2.41,29.55,14.78,37.47,14,0,1,0,0,1,0,0,0
imagens/train/ovo559.png,68.9,4.3,10.5,19.384,6.0,14.1,47.0,0.3,57.5,3.41,6.223,0.37,2.0,62.23,45.2,-1.12,31.12,15.56,40.01,14,1,0,0,0,0,0,1,0
imagens/train/ovo560.png,53.3,3.5,10.6,15.96,6.0,13.6,43.3,0.314,56.8,4.05,5.254,0.38,2.0,56.8,41.84,0.3,28.4,14.2,35.98,14,0,1,0,0,0,0,1,0
imagens/train/ovo562.png,57.3,3.6,10.5,16.149,6.0,12.9,44.7,0.289,55.6,4.19,5.64,0.38,1.0,57.56,42.67,0.7,28.78,14.39,36.56,14,0,1,0,0,0,0,1,0
imagens/train/ovo563.png,59.2,4.4,10.5,15.863,4.0,14.5,43.3,0.335,63.4,3.79,6.269,0.41,2.0,56.67,44.13,0.81,28.34,14.17,37.26,14,0,1,0,0,1,0,0,0
imagens/train/ovo564.png,57.1,4.3,10.4,20.649,5.0,9.8,37.0,0.265,63.4,2.96,4.685,0.35,2.0,56.52,43.44,-0.87,28.26,14.13,37.54,14,0,1,0,0,1,0,0,0
imagens/train/ovo565.png,59.4,5.0,10.4,18.939,6.0,17.1,46.0,0.372,69.0,2.93,5.879,0.32,2.0,56.46,43.98,0.49,28.23,14.12,37.24,14,0,1,0,0,1,0,0,0
imagens/train/ovo567.png,74.6,3.8,10.2,19.096,5.0,14.3,47.3,0.302,48.0,4.06,6.989,0.35,3.0,61.97,47.83,-1.43,30.99,15.49,38.88,14,1,0,0,0,0,0,1,0
imagens/train/ovo568.png,67.4,3.5,10.5,20.439,6.0,14.3,46.3,0.309,48.1,3.9,6.286,0.4,3.0,60.21,45.87,0.94,30.11,15.05,39.13,14,1,0,0,0,0,0,1,0
imagens/train/ovo569.png,56.2,5.3,10.5,18.259,4.0,14.8,46.3,0.32,72.8,3.13,5.099,0.34,1.0,57.62,42.53,-0.58,28.81,14.41,38.06,14,0,1,0,0,0,1,0,0
imagens/train/ovo570.png,59.6,3.9,10.5,27.245,6.0,14.4,45.3,0.318,57.8,4.97,5.563,0.39,2.0,56.36,43.85,0.58,28.18,14.09,37.36,14,0,1,0,0,0,0,1,0
imagens/train/ovo571.png,64.1,4.5,10.4,18.668,6.0,14.5,46.0,0.315,62.1,5.16,6.123,0.37,3.0,59.24,44.7,1.46,29.62,14.81,40.17,14,0,1,0,0,1,0,0,0
imagens/train/ovo572.png,57.9,4.5,10.4,14.815,5.0,12.1,36.3,0.333,65.0,4.96,6.029,0.41,2.0,56.9,42.8,1.48,28.45,14.23,36.57,14,0,1,0,0,1,0,0,0
imagens/train/ovo573.png,65.0,3.4,10.3,16.643,6.0,14.3,42.3,0.338,48.2,3.49,5.869,0.39,2.0,60.23,45.02,0.3,30.12,15.06,39.17,14,1,0,0,0,0,0,1,0
imagens/train/ovo574.png,62.8,3.3,10.5,17.889,5.0,12.8,46.3,0.276,48.2,4.83,6.59,0.36,1.0,57.3,45.01,0.0,28.65,14.33,37.61,14,0,1,0,0,0,0,1,0
imagens/train/ovo575.png,67.4,3.9,10.5,18.536,5.0,14.1,45.3,0.311,53.5,3.65,5.944,0.36,2.0,60.55,45.56,-1.51,30.28,15.14,39.89,14,1,0,0,0,0,0,1,0
imagens/train/ovo576.png,53.5,3.4,10.4,14.991,4.0,12.5,43.7,0.286,55.5,3.97,5.942,0.38,2.0,54.73,41.96,-0.52,27.37,13.68,37.29,14,0,0,1,0,0,0,1,0
imagens/train/ovo577.png,61.9,4.1,10.3,16.225,4.0,13.9,43.3,0.321,58.8,2.23,5.284,0.35,1.0,56.48,44.78,-1.39,28.24,14.12,38.93,14,0,1,0,0,0,0,1,0
imagens/train/ovo578.png,62.1,4.9,10.3,16.322,6.0,16.1,43.7,0.368,66.9,4.55,7.009,0.45,3.0,58.44,44.41,0.58,29.22,14.61,36.68,14,0,1,0,0,1,0,0,0
imagens/train/ovo579.png,56.5,5.3,10.3,16.701,5.0,14.6,48.0,0.304,72.7,3.12,4.98,0.34,2.0,54.62,43.81,-1.07,27.31,13.66,35.93,14,0,1,0,0,0,1,0,0
imagens/train/ovo580.png,62.2,4.4,10.2,17.75,4.0,15.0,46.7,0.321,61.9,4.25,5.549,0.36,2.0,58.12,44.62,-0.36,29.06,14.53,34.9,14,0,1,0,0,1,0,0,0
imagens/train/ovo581.png,61.7,5.8,10.3,18.0,5.0,15.6,47.7,0.327,74.7,4.28,6.12,0.39,2.0,58.86,43.96,1.55,29.43,14.72,35.87,14,0,1,0,0,0,1,0,0
imagens/train/ovo582.png,68.1,3.6,10.2,18.071,6.0,16.4,45.7,0.359,49.1,3.28,5.913,0.32,2.0,61.24,45.94,-1.14,30.62,15.31,39.67,14,1,0,0,0,0,0,1,0
imagens/train/ovo583.png,63.2,7.1,10.0,17.618,5.0,16.6,45.0,0.369,83.4,2.52,4.834,0.32,2.0,58.16,45.11,-0.62,29.08,14.54,39.64,14,0,1,0,0,0,1,0,0
imagens/train/ovo584.png,61.0,4.8,10.0,18.695,5.0,15.6,46.3,0.337,66.5,5.49,6.376,0.42,2.0,57.48,43.98,-0.47,28.74,14.37,37.61,14,0,1,0,0,1,0,0,0
imagens/train/ovo585.png,67.2,3.5,10.1,19.271,6.0,14.5,46.3,0.313,48.2,3.51,6.024,0.38,2.0,60.89,45.1,-0.86,30.45,15.22,39.69,14,1,0,0,0,0,0,1,0
imagens/train/ovo586.png,63.9,4.0,10.2,18.949,6.0,14.5,46.0,0.315,56.6,2.32,6.582,0.41,3.0,61.35,44.25,-1.21,30.68,15.34,38.57,14,0,1,0,0,0,0,1,0
imagens/train/ovo587.png,62.8,4.5,10.1,18.901,5.0,15.9,47.0,0.338,62.7,4.36,5.242,0.38,2.0,60.87,42.9,0.0,30.44,15.22,38.05,14,0,1,0,0,1,0,0,0
imagens/train/ovo588.png,72.4,4.4,10.3,20.241,5.0,13.9,48.0,0.29,56.9,4.11,7.258,0.43,2.0,60.41,47.14,0.85,30.21,15.1,40.39,14,1,0,0,0,0,0,1,0
imagens/train/ovo589.png,71.5,5.1,10.2,16.42,5.0,14.1,41.3,0.341,64.8,4.97,6.87,0.41,3.0,62.72,45.63,-0.78,31.36,15.68,38.47,14,1,0,0,0,1,0,0,0
imagens/train/ovo590.png,60.2,5.5,10.6,17.189,5.0,14.4,44.3,0.325,72.9,3.59,6.246,0.41,1.0,57.1,44.03,0.73,28.55,14.28,37.07,14,0,1,0,0,0,1,0,0
imagens/train/ovo591.png,60.1,4.6,10.0,18.176,5.0,15.8,48.0,0.329,65.0,4.35,5.343,0.38,2.0,57.6,43.95,1.58,28.8,14.4,37.81,14,0,1,0,0,1,0,0,0
imagens/train/ovo592.png,66.1,4.5,10.0,21.259,5.0,16.5,46.3,0.356,61.1,2.67,5.27,0.33,1.0,59.7,46.01,1.18,29.85,14.93,41.35,14,1,0,0,0,1,0,0,0
imagens/train/ovo593.png,59.2,3.6,10.1,18.174,5.0,14.3,45.3,0.316,54.5,3.74,5.686,0.37,1.0,57.01,43.92,0.85,28.51,14.25,39.3,14,0,1,0,0,0,0,1,0
imagens/train/ovo594.png,66.9,4.3,10.2,17.724,5.0,13.6,45.0,0.302,58.5,4.75,6.371,0.37,2.0,60.44,45.26,1.3,30.22,15.11,39.85,14,1,0,0,0,0,0,1,0
imagens/train/ovo595.png,56.3,4.4,10.1,20.471,5.0,13.3,45.7,0.291,64.8,2.42,5.487,0.38,3.0,57.17,42.49,-0.75,28.59,14.29,35.25,14,0,1,0,0,1,0,0,0
imagens/train/ovo596.png,60.3,4.0,10.3,19.422,5.0,13.4,48.0,0.279,58.6,4.25,5.942,0.4,2.0,55.78,44.93,-0.82,27.89,13.95,38.98,14,0,1,0,0,0,0,1,0
imagens/train/ovo597.png,66.4,6.9,10.0,19.254,5.0,16.6,46.7,0.355,81.1,2.73,5.76,0.37,2.0,63.9,45.62,2.92,31.95,15.98,38.38,14,1,0,0,0,0,1,0,0
imagens/train/ovo598.png,59.8,4.9,10.0,16.842,5.0,13.8,43.0,0.321,67.9,4.69,5.506,0.37,2.0,58.0,44.28,0.89,29.0,14.5,37.05,14,0,1,0,0,1,0,0,0
imagens/train/ovo599.png,72.0,3.3,10.0,21.024,6.0,13.3,47.0,0.283,41.9,2.39,6.445,0.36,1.0,62.36,46.86,0.59,31.18,15.59,41.19,14,1,0,0,0,0,0,1,0
imagens/train/ovo600.png,58.0,4.1,10.6,17.82,6.0,14.3,44.3,0.323,60.9,4.16,5.472,0.37,1.0,58.37,42.72,0.85,29.19,14.59,36.78,14,0,1,0,0,1,0,0,0
imagens/train/ovo602.png,58.6,4.5,10.1,18.085,7.0,11.5,46.7,0.246,64.7,4.14,6.145,0.37,3.0,61.07,45.01,0.0,30.54,15.27,39.86,21,0,1,0,0,1,0,0,0
imagens/train/ovo603.png,71.8,2.5,10.2,19.642,6.0,11.1,49.0,0.227,26.4,5.27,7.526,0.43,2.0,59.87,47.18,-0.93,29.94,14.97,42.57,21,1,0,0,0,0,0,0,1
imagens/train/ovo604.png,64.7,3.5,10.2,20.572,7.0,10.8,51.7,0.209,49.8,3.69,6.466,0.39,1.0,57.12,45.92,-1.27,28.56,14.28,39.45,21,0,1,0,0,0,0,1,0
imagens/train/ovo606.png,59.3,3.4,10.2,17.89,6.0,11.0,49.7,0.221,51.9,3.01,5.162,0.36,1.0,55.25,45.1,0.71,27.63,13.81,36.48,21,0,1,0,0,0,0,1,0
imagens/train/ovo607.png,59.2,3.4,9.9,18.448,6.0,12.3,49.0,0.251,51.9,3.33,5.646,0.36,4.0,58.56,44.77,-1.49,29.28,14.64,39.26,21,0,1,0,0,0,0,1,0
imagens/train/ovo609.png,56.6,3.3,10.1,16.741,6.0,10.6,47.0,0.226,52.3,4.38,5.849,0.39,2.0,55.96,42.97,0.0,27.98,13.99,38.23,21,0,1,0,0,0,0,1,0
imagens/train/ovo610.png,66.1,3.6,10.1,19.844,6.0,12.3,50.0,0.246,50.3,4.38,6.815,0.4,2.0,58.89,45.32,0.0,29.45,14.72,39.49,21,1,0,0,0,0,0,1,0
imagens/train/ovo611.png,57.3,3.5,9.9,17.216,5.0,11.5,47.0,0.245,54.4,2.9,5.895,0.41,2.0,58.95,43.23,0.0,29.48,14.74,36.12,21,0,1,0,0,0,0,1,0
imagens/train/ovo615.png,60.1,3.0,9.9,17.343,6.0,12.3,46.3,0.266,45.7,4.07,6.351,0.39,4.0,57.28,44.05,0.0,28.64,14.32,38.46,21,0,1,0,0,0,0,1,0
imagens/train/ovo616.png,64.8,3.6,10.1,20.253,7.0,14.6,48.3,0.302,51.1,4.86,6.455,0.4,4.0,58.59,45.79,0.0,29.3,14.65,38.28,21,0,1,0,0,0,0,1,0
imagens/train/ovo617.png,53.3,3.0,10.0,17.448,7.0,13.1,44.7,0.293,50.5,4.07,5.424,0.38,1.0,57.57,41.38,1.07,28.79,14.39,35.34,21,0,0,1,0,0,0,1,0
imagens/train/ovo618.png,73.2,3.4,10.2,21.31,5.0,13.1,48.0,0.273,42.8,1.4,5.805,0.36,2.0,62.99,46.76,0.93,31.5,15.75,41.44,21,1,0,0,0,0,0,1,0
imagens/train/ovo619.png,50.8,3.3,10.4,15.906,6.0,10.5,48.7,0.216,56.0,4.43,5.29,0.38,2.0,53.84,41.84,1.02,26.92,13.46,37.52,21,0,0,1,0,0,0,1,0
imagens/train/ovo620.png,59.0,3.4,10.6,19.475,6.0,10.6,50.0,0.212,52.0,3.68,6.501,0.38,2.0,58.69,43.14,1.1,29.35,14.67,37.57,21,0,1,0,0,0,0,1,0
imagens/train/ovo621.png,54.9,4.4,9.8,19.415,6.0,14.4,46.7,0.308,65.5,3.62,5.741,0.37,2.0,55.28,43.96,0.8,27.64,13.82,37.87,21,0,0,1,0,1,0,0,0
imagens/train/ovo624.png,67.1,3.1,10.1,19.511,6.0,11.5,49.3,0.233,42.2,3.16,6.368,0.38,4.0,61.83,45.38,0.0,30.92,15.46,37.75,21,1,0,0,0,0,0,1,0
imagens/train/ovo625.png,60.9,3.8,10.4,16.95,6.0,10.3,48.3,0.213,55.9,2.71,4.771,0.3,3.0,57.85,45.09,0.0,28.93,14.46,37.3,21,0,1,0,0,0,0,1,0
imagens/train/ovo626.png,59.6,3.9,10.3,15.88,6.0,12.6,43.7,0.288,57.8,3.7,5.338,0.37,2.0,58.03,43.59,0.0,29.02,14.51,35.96,21,0,1,0,0,0,0,1,0
imagens/train/ovo627.png,59.5,3.3,10.5,18.536,6.0,10.0,52.7,0.19,50.4,3.79,6.295,0.38,1.0,55.34,44.7,1.45,27.67,13.84,37.53,21,0,1,0,0,0,0,1,0
imagens/train/ovo629.png,67.4,4.3,10.4,19.234,6.0,13.4,47.7,0.281,58.3,4.64,7.172,0.41,3.0,58.57,45.83,1.24,29.29,14.64,42.89,21,1,0,0,0,0,0,1,0
imagens/train/ovo630.png,62.5,3.1,10.3,20.082,6.0,13.1,48.7,0.269,45.5,2.98,5.565,0.36,3.0,58.47,48.97,1.59,29.24,14.62,38.45,21,0,1,0,0,0,0,1,0
imagens/train/ovo631.png,72.8,3.3,10.4,19.773,7.0,10.9,49.7,0.219,41.4,4.01,7.051,0.38,3.0,64.35,46.02,1.44,32.18,16.09,38.02,21,1,0,0,0,0,0,1,0
imagens/train/ovo632.png,68.7,4.1,10.5,20.991,6.0,11.4,50.7,0.225,55.3,4.14,6.824,0.38,1.0,60.84,45.99,0.0,30.42,15.21,39.91,21,1,0,0,0,0,0,1,0
imagens/train/ovo633.png,64.1,4.0,10.4,20.307,6.0,12.4,49.3,0.252,56.5,4.71,7.08,0.42,3.0,58.32,45.12,0.0,29.16,14.58,39.03,21,0,1,0,0,0,0,1,0
imagens/train/ovo634.png,53.3,3.8,10.6,17.698,6.0,10.5,49.3,0.213,60.2,3.55,5.573,0.38,1.0,55.5,42.21,-1.38,27.75,13.88,37.42,21,0,0,1,0,1,0,0,0
imagens/train/ovo635.png,61.5,3.5,10.2,19.88,6.0,11.4,50.7,0.225,51.8,2.83,5.839,0.35,2.0,59.68,43.33,1.05,29.84,14.92,38.97,21,0,1,0,0,0,0,1,0
imagens/train/ovo636.png,61.1,4.3,10.0,19.61,7.0,12.0,50.7,0.237,61.4,4.08,6.711,0.38,2.0,60.19,43.68,0.77,30.1,15.05,37.43,21,0,1,0,0,1,0,0,0
imagens/train/ovo637.png,63.5,3.4,10.3,18.632,6.0,10.4,51.7,0.201,49.2,3.24,6.448,0.4,2.0,58.31,44.72,0.0,29.16,14.58,39.98,21,0,1,0,0,0,0,1,0
imagens/train/ovo638.png,62.9,3.1,10.2,19.153,6.0,11.0,49.7,0.221,45.2,2.76,7.185,0.37,3.0,61.46,43.09,1.59,30.73,15.37,38.2,21,0,1,0,0,0,0,1,0
imagens/train/ovo639.png,63.3,3.3,10.1,19.627,7.0,10.8,50.7,0.213,47.9,3.63,6.67,0.39,2.0,57.55,45.26,0.69,28.78,14.39,41.25,21,0,1,0,0,0,0,1,0
imagens/train/ovo640.png,71.9,3.0,10.4,22.506,6.0,11.9,52.7,0.226,36.8,3.85,6.569,0.37,2.0,60.89,46.77,1.1,30.45,15.22,41.4,21,1,0,0,0,0,0,1,0
